--
-- Script was generated by Devart dbForge Studio 2020 for MySQL, Version 9.0.338.0
-- Product home page: http://www.devart.com/dbforge/mysql/studio
-- Script date 9/13/2023 11:46:47 AM
-- Server version: 8.0.29
-- Client version: 4.1
--

-- 
-- Disable foreign keys
-- 
/*!40014 SET @OLD_FOREIGN_KEY_CHECKS=@@FOREIGN_KEY_CHECKS, FOREIGN_KEY_CHECKS=0 */;

-- 
-- Set SQL mode
-- 
/*!40101 SET @OLD_SQL_MODE=@@SQL_MODE, SQL_MODE='NO_AUTO_VALUE_ON_ZERO' */;

-- 
-- Set character set the client will use to send SQL statements to the server
--
SET NAMES 'utf8';

--
-- Set default database
--
USE `misa.web202304_mf1640_batuan`;

--
-- Drop procedure ` Proc_TransferAssetDetail_CountRecord`
--
DROP PROCEDURE IF EXISTS ` Proc_TransferAssetDetail_CountRecord`;

--
-- Drop procedure `Proc_Property_MultiDelete`
--
DROP PROCEDURE IF EXISTS Proc_Property_MultiDelete;

--
-- Drop procedure `Proc_Receiver_MultiDelete`
--
DROP PROCEDURE IF EXISTS Proc_Receiver_MultiDelete;

--
-- Drop procedure `Proc_TransferAssetDetail_MultiDelete`
--
DROP PROCEDURE IF EXISTS Proc_TransferAssetDetail_MultiDelete;

--
-- Drop procedure `Proc_TransferAsset_MultiDelete`
--
DROP PROCEDURE IF EXISTS Proc_TransferAsset_MultiDelete;

--
-- Drop procedure `Proc_Receiver_AddNew`
--
DROP PROCEDURE IF EXISTS Proc_Receiver_AddNew;

--
-- Drop procedure `Proc_Receiver_GetByTransferAssetId`
--
DROP PROCEDURE IF EXISTS Proc_Receiver_GetByTransferAssetId;

--
-- Drop procedure `Proc_Receiver_GetLastest`
--
DROP PROCEDURE IF EXISTS Proc_Receiver_GetLastest;

--
-- Drop procedure `Proc_Receiver_Update`
--
DROP PROCEDURE IF EXISTS Proc_Receiver_Update;

--
-- Drop table `receiver`
--
DROP TABLE IF EXISTS receiver;

--
-- Drop procedure `Proc_Property_GetById`
--
DROP PROCEDURE IF EXISTS Proc_Property_GetById;

--
-- Drop procedure `Proc_Property_GetCurrent`
--
DROP PROCEDURE IF EXISTS Proc_Property_GetCurrent;

--
-- Drop procedure `Proc_TransferAsset_CheckDelete`
--
DROP PROCEDURE IF EXISTS Proc_TransferAsset_CheckDelete;

--
-- Drop procedure `Proc_TransferAsset_CheckInRangeTransferAsset`
--
DROP PROCEDURE IF EXISTS Proc_TransferAsset_CheckInRangeTransferAsset;

--
-- Drop procedure `Proc_TransferAsset_GetByPropertyId`
--
DROP PROCEDURE IF EXISTS Proc_TransferAsset_GetByPropertyId;

--
-- Drop procedure `Proc_TransferAsset_Paging`
--
DROP PROCEDURE IF EXISTS Proc_TransferAsset_Paging;

--
-- Drop procedure `Proc_TransferAssetDetail_AddNew`
--
DROP PROCEDURE IF EXISTS Proc_TransferAssetDetail_AddNew;

--
-- Drop procedure `Proc_TransferAssetDetail_CountRecord`
--
DROP PROCEDURE IF EXISTS Proc_TransferAssetDetail_CountRecord;

--
-- Drop procedure `Proc_TransferAssetDetail_GetAll`
--
DROP PROCEDURE IF EXISTS Proc_TransferAssetDetail_GetAll;

--
-- Drop procedure `Proc_TransferAssetDetail_GetByTransferAssetId`
--
DROP PROCEDURE IF EXISTS Proc_TransferAssetDetail_GetByTransferAssetId;

--
-- Drop procedure `Proc_TransferAssetDetail_GetPagingByTransferAssetId`
--
DROP PROCEDURE IF EXISTS Proc_TransferAssetDetail_GetPagingByTransferAssetId;

--
-- Drop procedure `Proc_TransferAssetDetail_GetTransferAssetGreaterDate`
--
DROP PROCEDURE IF EXISTS Proc_TransferAssetDetail_GetTransferAssetGreaterDate;

--
-- Drop procedure `Proc_TransferAssetDetail_Update`
--
DROP PROCEDURE IF EXISTS Proc_TransferAssetDetail_Update;

--
-- Drop table `transfer_asset_detail`
--
DROP TABLE IF EXISTS transfer_asset_detail;

--
-- Drop procedure `Proc_TransferAsset_AddNew`
--
DROP PROCEDURE IF EXISTS Proc_TransferAsset_AddNew;

--
-- Drop procedure `Proc_TransferAsset_CheckDuplicateCode`
--
DROP PROCEDURE IF EXISTS Proc_TransferAsset_CheckDuplicateCode;

--
-- Drop procedure `Proc_TransferAsset_GetAll`
--
DROP PROCEDURE IF EXISTS Proc_TransferAsset_GetAll;

--
-- Drop procedure `Proc_TransferAsset_GetById`
--
DROP PROCEDURE IF EXISTS Proc_TransferAsset_GetById;

--
-- Drop procedure `Proc_TransferAsset_GetGreatestCode`
--
DROP PROCEDURE IF EXISTS Proc_TransferAsset_GetGreatestCode;

--
-- Drop procedure `Proc_TransferAsset_IsHasGreaterTransferDate`
--
DROP PROCEDURE IF EXISTS Proc_TransferAsset_IsHasGreaterTransferDate;

--
-- Drop procedure `Proc_TransferAsset_Total`
--
DROP PROCEDURE IF EXISTS Proc_TransferAsset_Total;

--
-- Drop procedure `Proc_TransferAsset_Update`
--
DROP PROCEDURE IF EXISTS Proc_TransferAsset_Update;

--
-- Drop table `transfer_asset`
--
DROP TABLE IF EXISTS transfer_asset;

--
-- Drop procedure `Proc_Property_AddNew`
--
DROP PROCEDURE IF EXISTS Proc_Property_AddNew;

--
-- Drop procedure `Proc_Property_CheckDuplicateCode`
--
DROP PROCEDURE IF EXISTS Proc_Property_CheckDuplicateCode;

--
-- Drop procedure `Proc_Property_CountRecords`
--
DROP PROCEDURE IF EXISTS Proc_Property_CountRecords;

--
-- Drop procedure `Proc_Property_Delete`
--
DROP PROCEDURE IF EXISTS Proc_Property_Delete;

--
-- Drop procedure `Proc_Property_GetAll`
--
DROP PROCEDURE IF EXISTS Proc_Property_GetAll;

--
-- Drop procedure `Proc_Property_GetLastestCode`
--
DROP PROCEDURE IF EXISTS Proc_Property_GetLastestCode;

--
-- Drop procedure `Proc_Property_PagingAndFilter`
--
DROP PROCEDURE IF EXISTS Proc_Property_PagingAndFilter;

--
-- Drop procedure `Proc_Property_Total`
--
DROP PROCEDURE IF EXISTS Proc_Property_Total;

--
-- Drop procedure `Proc_Property_Update`
--
DROP PROCEDURE IF EXISTS Proc_Property_Update;

--
-- Drop table `property`
--
DROP TABLE IF EXISTS property;

--
-- Drop procedure `Proc_Department_AddNew`
--
DROP PROCEDURE IF EXISTS Proc_Department_AddNew;

--
-- Drop procedure `Proc_Department_Delete`
--
DROP PROCEDURE IF EXISTS Proc_Department_Delete;

--
-- Drop procedure `Proc_Department_GetAll`
--
DROP PROCEDURE IF EXISTS Proc_Department_GetAll;

--
-- Drop procedure `Proc_Department_GetById`
--
DROP PROCEDURE IF EXISTS Proc_Department_GetById;

--
-- Drop procedure `Proc_Department_Update`
--
DROP PROCEDURE IF EXISTS Proc_Department_Update;

--
-- Drop table `department`
--
DROP TABLE IF EXISTS department;

--
-- Drop procedure `Proc_PropertyType_AddNew`
--
DROP PROCEDURE IF EXISTS Proc_PropertyType_AddNew;

--
-- Drop procedure `Proc_PropertyType_Delete`
--
DROP PROCEDURE IF EXISTS Proc_PropertyType_Delete;

--
-- Drop procedure `Proc_PropertyType_GetAll`
--
DROP PROCEDURE IF EXISTS Proc_PropertyType_GetAll;

--
-- Drop procedure `Proc_PropertyType_GetById`
--
DROP PROCEDURE IF EXISTS Proc_PropertyType_GetById;

--
-- Drop procedure `Proc_PropertyType_Update`
--
DROP PROCEDURE IF EXISTS Proc_PropertyType_Update;

--
-- Drop table `propertytype`
--
DROP TABLE IF EXISTS propertytype;

--
-- Set default database
--
USE `misa.web202304_mf1640_batuan`;

--
-- Create table `propertytype`
--
CREATE TABLE propertytype (
  PropertyTypeId char(36) NOT NULL COMMENT 'Id loại tài sản',
  PropertyTypeCode varchar(20) NOT NULL COMMENT 'Mã loại tài sản',
  PropertyTypeName varchar(255) NOT NULL COMMENT 'Tên loại tài sản',
  NumberYearUse decimal(18, 4) DEFAULT NULL COMMENT 'Số năm sử dụng',
  WearRate decimal(18, 4) DEFAULT NULL COMMENT 'Tỷ lệ hao mòn',
  CreatedBy varchar(255) DEFAULT NULL COMMENT 'Người tạo',
  CreatedDate datetime DEFAULT NULL COMMENT 'Ngày tạo',
  ModifiedBy varchar(255) DEFAULT NULL COMMENT 'Người sửa đổi',
  ModifiedDate datetime DEFAULT NULL COMMENT 'Ngày sửa đổi',
  PRIMARY KEY (PropertyTypeId)
)
ENGINE = INNODB,
AVG_ROW_LENGTH = 237,
CHARACTER SET utf8mb4,
COLLATE utf8mb4_0900_ai_ci;

--
-- Create index `IDX_propertytype_PropertyTypeCode` on table `propertytype`
--
ALTER TABLE propertytype
ADD INDEX IDX_propertytype_PropertyTypeCode (PropertyTypeCode);

DELIMITER $$

--
-- Create procedure `Proc_PropertyType_Update`
--
CREATE DEFINER = 'root'@'localhost'
PROCEDURE Proc_PropertyType_Update (IN p_PropertyTypeId char(36),
IN p_PropertyTypeCode varchar(20),
IN p_PropertyTypeName varchar(255),
IN p_ModifiedBy varchar(255))
BEGIN
  UPDATE propertytype p
  SET PropertyTypeCode = p_PropertyTypeCode,
      PropertyTypeName = p_PropertyTypeName,
      ModifiedDate = NOW(),
      ModifiedBy = p_ModifiedBy
  WHERE PropertyTypeId = p_PropertyTypeId;
END
$$

--
-- Create procedure `Proc_PropertyType_GetById`
--
CREATE DEFINER = 'root'@'localhost'
PROCEDURE Proc_PropertyType_GetById (IN p_PropertyTypeId char(36))
BEGIN
  SELECT
    p.PropertyTypeId,
    p.PropertyTypeCode,
    p.PropertyTypeName
  FROM propertytype p
  WHERE p.PropertyTypeId = p_PropertyTypeId;
END
$$

--
-- Create procedure `Proc_PropertyType_GetAll`
--
CREATE DEFINER = 'root'@'localhost'
PROCEDURE Proc_PropertyType_GetAll ()
BEGIN
  SELECT
    p.PropertyTypeId,
    p.PropertyTypeCode,
    p.PropertyTypeName,
    p.WearRate,
    p.NumberYearUse
  FROM propertytype p;
END
$$

--
-- Create procedure `Proc_PropertyType_Delete`
--
CREATE DEFINER = 'root'@'localhost'
PROCEDURE Proc_PropertyType_Delete (IN p_PropertyTypeId char(36))
BEGIN
  DELETE
    FROM propertytype
  WHERE PropertyTypeId = p_PropertyTypeId;
END
$$

--
-- Create procedure `Proc_PropertyType_AddNew`
--
CREATE DEFINER = 'root'@'localhost'
PROCEDURE Proc_PropertyType_AddNew (IN p_PropertyTypeId char(36),
IN p_PropertyTypeCode varchar(20),
IN p_PropertyTypeName varchar(255),
IN p_CreatedBy varchar(255),
IN p_ModifiedBy varchar(255))
BEGIN
  INSERT INTO propertytype (PropertyTypeId, PropertyTypeCode, PropertyTypeName, CreatedDate, CreatedBy, ModifiedDate, ModifiedBy)
    VALUES (p_PropertyTypeId, p_PropertyTypeCode, p_PropertyTypeName, NOW(), p_CreatedBy, NOW(), p_ModifiedBy);
END
$$

DELIMITER ;

--
-- Create table `department`
--
CREATE TABLE department (
  DepartmentId char(36) NOT NULL COMMENT 'id phòng ban',
  DepartmentCode varchar(20) NOT NULL COMMENT 'Mã phòng ban',
  DepartmentName varchar(255) NOT NULL COMMENT 'Tên phòng ban',
  CreatedBy varchar(255) DEFAULT NULL COMMENT 'Người tạo',
  CreatedDate datetime DEFAULT NULL COMMENT 'Ngày tạo',
  ModifiedBy varchar(255) DEFAULT NULL COMMENT 'Người sửa đổi',
  ModifiedDate datetime DEFAULT NULL COMMENT 'Ngày sửa đổi',
  PRIMARY KEY (DepartmentId)
)
ENGINE = INNODB,
AVG_ROW_LENGTH = 630,
CHARACTER SET utf8mb4,
COLLATE utf8mb4_0900_ai_ci;

--
-- Create index `IDX_department_DepartmentCode` on table `department`
--
ALTER TABLE department
ADD INDEX IDX_department_DepartmentCode (DepartmentCode);

DELIMITER $$

--
-- Create procedure `Proc_Department_Update`
--
CREATE DEFINER = 'root'@'localhost'
PROCEDURE Proc_Department_Update (IN p_DepartmentId char(36),
IN p_DepartmentName varchar(255),
IN p_DepartmentCode varchar(20),
IN p_ModifiedBy varchar(255))
BEGIN
  UPDATE Department
  SET DepartmentName = p_DepartmentName,
      DepartmentCode = p_DepartmentCode,
      ModifiedDate = NOW(),
      ModifiedBy = p_ModifiedBy
  WHERE DepartmentId = p_DepartmentId;
END
$$

--
-- Create procedure `Proc_Department_GetById`
--
CREATE DEFINER = 'root'@'localhost'
PROCEDURE Proc_Department_GetById (IN p_DepartmentId char(36))
BEGIN
  SELECT
    d.DepartmentId,
    d.DepartmentCode,
    d.DepartmentName,
    d.CreatedDate,
    d.CreatedBy,
    d.ModifiedDate,
    d.ModifiedBy
  FROM department d
  WHERE d.DepartmentId = p_DepartmentId;
END
$$

--
-- Create procedure `Proc_Department_GetAll`
--
CREATE DEFINER = 'root'@'localhost'
PROCEDURE Proc_Department_GetAll ()
BEGIN
  SELECT
    d.DepartmentId,
    d.DepartmentCode,
    d.DepartmentName,
    d.CreatedDate,
    d.CreatedBy,
    d.ModifiedDate,
    d.ModifiedBy
  FROM department d;
END
$$

--
-- Create procedure `Proc_Department_Delete`
--
CREATE DEFINER = 'root'@'localhost'
PROCEDURE Proc_Department_Delete (IN p_DepartmentId char(36))
BEGIN
  DELETE
    FROM department
  WHERE DepartmentId = p_DepartmentId;
END
$$

--
-- Create procedure `Proc_Department_AddNew`
--
CREATE DEFINER = 'root'@'localhost'
PROCEDURE Proc_Department_AddNew (IN DepartmentId char(36),
IN DepartmentCode varchar(20),
IN DepartmentName varchar(255),
IN CreatedBy varchar(255),
IN ModifiedBy varchar(255))
BEGIN
  INSERT INTO department (DepartmentId, DepartmentCode, DepartmentName, CreatedDate, CreatedBy, ModifiedDate, ModifiedBy)
    VALUES (DepartmentId, DepartmentCode, DepartmentName, NOW(), CreatedBy, NOW(), ModifiedBy);
END
$$

DELIMITER ;

--
-- Create table `property`
--
CREATE TABLE property (
  PropertyId char(36) NOT NULL,
  PropertyCode varchar(20) NOT NULL COMMENT 'Mã tài sản',
  PropertyName varchar(255) NOT NULL COMMENT 'Tên tài sản',
  DepartmentId char(36) NOT NULL COMMENT 'Mã loại tài sản',
  PropertyTypeId char(36) NOT NULL COMMENT 'Tên loại tài sản',
  PurchaseDate date NOT NULL COMMENT 'Ngày mua',
  OriginalPrice decimal(18, 4) NOT NULL DEFAULT 0.0000 COMMENT 'Nguyên giá',
  Quantity decimal(18, 4) NOT NULL DEFAULT 0.0000 COMMENT 'Số lượng',
  FollowYear int DEFAULT NULL COMMENT 'Năm theo dõi',
  CreatedBy varchar(255) DEFAULT NULL COMMENT 'Người tạo',
  CreatedDate datetime DEFAULT NULL COMMENT 'Ngày tạo',
  ModifiedBy varchar(255) DEFAULT NULL COMMENT 'Người sửa đổi',
  ModifiedDate datetime DEFAULT NULL COMMENT 'Ngày sửa đổi',
  WearRate decimal(18, 4) NOT NULL DEFAULT 0.0000 COMMENT 'Tỷ lệ hao mòn',
  FollowDate date NOT NULL COMMENT 'Ngày theo dõi',
  NumberYearUse decimal(18, 4) NOT NULL DEFAULT 0.0000 COMMENT 'Số năm sử dụng',
  WearRateValue decimal(18, 4) NOT NULL DEFAULT 0.0000 COMMENT 'Giá trị hao mòn năm',
  PRIMARY KEY (PropertyId)
)
ENGINE = INNODB,
AVG_ROW_LENGTH = 500,
CHARACTER SET utf8mb4,
COLLATE utf8mb4_0900_ai_ci;

--
-- Create index `IDX_property_PropertyCode` on table `property`
--
ALTER TABLE property
ADD INDEX IDX_property_PropertyCode (PropertyCode);

--
-- Create index `UK_property_PropertyId` on table `property`
--
ALTER TABLE property
ADD UNIQUE INDEX UK_property_PropertyId (PropertyId);

--
-- Create foreign key
--
ALTER TABLE property
ADD CONSTRAINT FK_property_DepartmentId FOREIGN KEY (DepartmentId)
REFERENCES department (DepartmentId) ON DELETE CASCADE;

--
-- Create foreign key
--
ALTER TABLE property
ADD CONSTRAINT FK_property_PropertyTypeId FOREIGN KEY (PropertyTypeId)
REFERENCES propertytype (PropertyTypeId) ON DELETE CASCADE;

DELIMITER $$

--
-- Create procedure `Proc_Property_Update`
--
CREATE DEFINER = 'root'@'localhost'
PROCEDURE Proc_Property_Update (IN PropertyId char(36),
IN PropertyCode varchar(20),
IN PropertyName varchar(255),
IN DepartmentId char(36),
IN PropertyTypeId char(36),
IN Quantity decimal(18, 4),
IN OriginalPrice decimal(18, 4),
IN NumberYearUse decimal(18, 4),
IN WearRate decimal(18, 4),
IN WearRateValue decimal(18, 4),
IN FollowYear int,
IN PurchaseDate date,
IN FollowDate date,
IN ModifiedBy varchar(255))
BEGIN
  UPDATE property p
  SET p.PropertyCode = PropertyCode,
      p.PropertyName = PropertyName,
      p.DepartmentId = DepartmentId,
      p.PropertyTypeId = PropertyTypeId,
      p.Quantity = Quantity,
      p.OriginalPrice = OriginalPrice,
      p.NumberYearUse = NumberYearUse,
      p.WearRate = WearRate,
      p.WearRateValue = WearRateValue,
      p.FollowYear = FollowYear,
      p.PurchaseDate = PurchaseDate,
      p.FollowDate = FollowDate,
      p.ModifiedDate = NOW(),
      p.ModifiedBy = ModifiedBy
  WHERE p.PropertyId = PropertyId;
END
$$

--
-- Create procedure `Proc_Property_Total`
--
CREATE DEFINER = 'root'@'localhost'
PROCEDURE Proc_Property_Total ()
BEGIN
  DECLARE totalQuantity bigint;
  DECLARE totalOriginalPrice bigint;
  DECLARE totalWearRateValue bigint;

  SELECT
    SUM(Quantity) INTO totalQuantity
  FROM property;
  SELECT
    SUM(OriginalPrice) INTO totalOriginalPrice
  FROM property;
  SELECT
    SUM(WearRateValue) INTO totalWearRateValue
  FROM property;

  SELECT
    totalQuantity,
    totalOriginalPrice,
    totalWearRateValue;
END
$$

--
-- Create procedure `Proc_Property_PagingAndFilter`
--
CREATE DEFINER = 'root'@'localhost'
PROCEDURE Proc_Property_PagingAndFilter (IN pageNumber int,
IN pageSize int,
IN p_PropertyType varchar(255),
IN p_DepartmentName varchar(255),
IN p_SearchInput varchar(255),
IN p_ExcludedIds varchar(255) -- Thêm tham số danh sách ID cần loại trừ
)
BEGIN
  DECLARE startRow int;
  SET startRow = (pageNumber - 1) * pageSize;

  SELECT
    p.PropertyId,
    p.PropertyCode,
    p.PropertyName,
    p.Quantity,
    p.OriginalPrice,
    p.NumberYearUse,
    p.WearRate,
    p.WearRateValue,
    p.FollowYear,
    p.PurchaseDate,
    p.FollowDate,
    p.CreatedDate,
    p.CreatedBy,
    p.ModifiedDate,
    p.ModifiedBy,
    d.DepartmentId,
    d.DepartmentCode,
    d.DepartmentName,
    p1.PropertyTypeId,
    p1.PropertyTypeCode,
    p1.PropertyTypeName
  FROM property p
    LEFT JOIN department d
      ON p.DepartmentId = d.DepartmentId
    LEFT JOIN propertytype p1
      ON p.PropertyTypeId = p1.PropertyTypeId
  WHERE (p_SearchInput IS NULL
  OR p_SearchInput = ''
  OR p.PropertyCode LIKE CONCAT('%', p_SearchInput, '%')
  OR p.PropertyName LIKE CONCAT('%', p_SearchInput, '%'))
  AND (p_DepartmentName IS NULL
  OR p_DepartmentName = ''
  OR d.DepartmentName LIKE CONCAT('%', p_DepartmentName, '%'))
  AND (p_PropertyType IS NULL
  OR p_PropertyType = ''
  OR p1.PropertyTypeName LIKE CONCAT('%', p_PropertyType, '%'))
  AND (p_ExcludedIds IS NULL
  OR p_ExcludedIds = ''
  OR LOCATE(p.PropertyId, p_ExcludedIds) = 0) -- Loại trừ các ID trong danh sách
  ORDER BY p.PropertyCode DESC
  LIMIT startRow, pageSize;
END
$$

--
-- Create procedure `Proc_Property_GetLastestCode`
--
CREATE DEFINER = 'root'@'localhost'
PROCEDURE Proc_Property_GetLastestCode ()
BEGIN
  SELECT
    p.PropertyCode
  FROM property p
  ORDER BY p.CreatedDate DESC LIMIT 1;
END
$$

--
-- Create procedure `Proc_Property_GetAll`
--
CREATE PROCEDURE Proc_Property_GetAll ()
SQL SECURITY INVOKER
NO SQL
BEGIN
  SELECT
    p.PropertyId,
    p.PropertyCode,
    p.PropertyName,
    p.Quantity,
    p.OriginalPrice,
    p.NumberYearUse,
    p.WearRate,
    p.WearRateValue,
    p.FollowYear,
    p.PurchaseDate,
    p.FollowDate,
    p.CreatedDate,
    p.CreatedBy,
    p.ModifiedDate,
    p.ModifiedBy,
    d.DepartmentId,
    d.DepartmentCode,
    d.DepartmentName,
    p1.PropertyTypeId,
    p1.PropertyTypeCode,
    p1.PropertyTypeName
  FROM property p
    LEFT JOIN department d
      ON p.DepartmentId = d.DepartmentId
    LEFT JOIN propertytype p1
      ON p.PropertyTypeId = p1.PropertyTypeId
  ORDER BY p.CreatedDate DESC;
END
$$

--
-- Create procedure `Proc_Property_Delete`
--
CREATE DEFINER = 'root'@'localhost'
PROCEDURE Proc_Property_Delete (IN p_PropertyId char(36))
BEGIN
  DELETE
    FROM property
  WHERE PropertyId = p_PropertyId;
END
$$

--
-- Create procedure `Proc_Property_CountRecords`
--
CREATE DEFINER = 'root'@'localhost'
PROCEDURE Proc_Property_CountRecords (IN p_PropertyType varchar(255),
IN p_DepartmentName varchar(255),
IN p_SearchInput varchar(255))
BEGIN
  SELECT
    COUNT(*) AS TotalRecord,
    SUM(Quantity) AS TotalQuantity,
    SUM(OriginalPrice) AS TotalOriginalPrice,
    SUM(WearRateValue) AS TotalWearRateValue
  FROM property p
    LEFT JOIN department d
      ON p.DepartmentId = d.DepartmentId
    LEFT JOIN propertytype p1
      ON p.PropertyTypeId = p1.PropertyTypeId
  WHERE (p_SearchInput IS NULL
  OR p_SearchInput = ''
  OR p.PropertyCode LIKE CONCAT('%', p_SearchInput, '%')
  OR p.PropertyName LIKE CONCAT('%', p_SearchInput, '%'))
  AND (p_DepartmentName IS NULL
  OR p_DepartmentName = ''
  OR d.DepartmentName LIKE CONCAT('%', p_DepartmentName, '%'))
  AND (p_PropertyType IS NULL
  OR p_PropertyType = ''
  OR p1.PropertyTypeName LIKE CONCAT('%', p_PropertyType, '%'));
END
$$

--
-- Create procedure `Proc_Property_CheckDuplicateCode`
--
CREATE DEFINER = 'root'@'localhost'
PROCEDURE Proc_Property_CheckDuplicateCode (IN PropertyCode varchar(100), IN PropertyId char(36))
BEGIN
  DECLARE Count int;

  -- Kiểm tra giá trị của PropertyId và thực hiện truy vấn tương ứng
  IF PropertyId IS NOT NULL
    OR PropertyId NOT LIKE ''
    OR PropertyId != '00000000-0000-0000-0000-000000000000' THEN
    SELECT
      count(*) INTO Count
    FROM property p
    WHERE p.PropertyCode = PropertyCode
    AND p.PropertyId != PropertyId;
    SELECT
      IF(Count > 0, TRUE, FALSE) AS IsDuplicate;
  ELSE
    SELECT
      count(*) INTO count
    FROM property p
    WHERE p.PropertyCode = PropertyCode;
    SELECT
      IF(count > 0, TRUE, FALSE) AS IsDuplicate;
  END IF;

END
$$

--
-- Create procedure `Proc_Property_AddNew`
--
CREATE DEFINER = 'root'@'localhost'
PROCEDURE Proc_Property_AddNew (IN PropertyId char(36),
IN PropertyCode varchar(20),
IN PropertyName varchar(255),
IN DepartmentId char(36),
IN PropertyTypeId char(36),
IN Quantity decimal(18, 4),
IN OriginalPrice decimal(18, 4),
IN NumberYearUse decimal(18, 4),
IN WearRate decimal(18, 4),
IN WearRateValue decimal(18, 4),
IN FollowYear int,
IN PurchaseDate date,
IN FollowDate date,
IN CreatedBy varchar(255),
IN ModifiedBy varchar(255))
BEGIN
  INSERT INTO property (PropertyId, PropertyCode, PropertyName, DepartmentId, PropertyTypeId, Quantity, OriginalPrice, NumberYearUse, WearRate, WearRateValue, FollowYear, PurchaseDate, FollowDate, CreatedDate, CreatedBy, ModifiedDate, ModifiedBy)
    VALUES (PropertyId, PropertyCode, PropertyName, DepartmentId, PropertyTypeId, Quantity, OriginalPrice, NumberYearUse, WearRate, WearRateValue, FollowYear, PurchaseDate, FollowDate, NOW(), CreatedBy, NOW(), ModifiedBy);
END
$$

DELIMITER ;

--
-- Create table `transfer_asset`
--
CREATE TABLE transfer_asset (
  TransferAssetId char(36) NOT NULL DEFAULT '' COMMENT 'Id của chứng từ',
  TransferAssetCode varchar(20) NOT NULL DEFAULT '' COMMENT 'Mã chứng từ',
  TransferDate datetime NOT NULL COMMENT 'Ngày điều chuyển',
  TransactionDate datetime NOT NULL COMMENT 'Ngày chứng từ',
  OriginalPrice decimal(18, 4) NOT NULL COMMENT 'Nguyên giá',
  Note varchar(255) DEFAULT NULL COMMENT 'Ghi chú',
  CreatedDate datetime DEFAULT NULL COMMENT 'Ngày tạo',
  CreatedBy varchar(255) DEFAULT NULL COMMENT 'Người tạo',
  ModifiedDate datetime DEFAULT NULL COMMENT 'Ngày sửa đổi',
  ModifiedBy varchar(255) DEFAULT NULL COMMENT 'Người sửa đổi',
  PRIMARY KEY (TransferAssetId)
)
ENGINE = INNODB,
AVG_ROW_LENGTH = 8192,
CHARACTER SET utf8mb4,
COLLATE utf8mb4_0900_ai_ci;

DELIMITER $$

--
-- Create procedure `Proc_TransferAsset_Update`
--
CREATE DEFINER = 'root'@'localhost'
PROCEDURE Proc_TransferAsset_Update (IN TransferAssetId char(36), IN TransferAssetCode varchar(20), IN TransferDate datetime, IN TransactionDate datetime, IN OriginalPrice decimal(18, 4), IN Note varchar(255), IN ModifiedDate datetime, IN ModifiedBy varchar(255))
BEGIN
  UPDATE transfer_asset ta
  SET TransferAssetCode = TransferAssetCode,
      TransferDate = TransferDate,
      TransactionDate = TransactionDate,
      OriginalPrice = OriginalPrice,
      Note = Note,
      ModifiedDate = ModifiedDate,
      ModifiedBy = ModifiedBy
  WHERE ta.TransferAssetId = TransferAssetId;
END
$$

--
-- Create procedure `Proc_TransferAsset_Total`
--
CREATE DEFINER = 'root'@'localhost'
PROCEDURE Proc_TransferAsset_Total ()
BEGIN
  SELECT
    COUNT(*) AS NumberRecords,
    SUM(d.OriginalPrice) AS TotalPrice
  FROM transfer_asset d;
END
$$

--
-- Create procedure `Proc_TransferAsset_IsHasGreaterTransferDate`
--
CREATE DEFINER = 'root'@'localhost'
PROCEDURE Proc_TransferAsset_IsHasGreaterTransferDate (IN TransferDate datetime)
BEGIN
  DECLARE GreaterDateCount int;

  -- Đếm số bản ghi có TransferDate lớn hơn giá trị được truyền vào
  SELECT
    COUNT(*) INTO GreaterDateCount
  FROM transfer_asset ta
  WHERE ta.TransferDate > TransferDate;

  SELECT
    IF(GreaterDateCount > 0, TRUE, FALSE) AS IsHasGreaterTransferDate;
END
$$

--
-- Create procedure `Proc_TransferAsset_GetGreatestCode`
--
CREATE DEFINER = 'root'@'localhost'
PROCEDURE Proc_TransferAsset_GetGreatestCode ()
BEGIN
  SELECT
    MAX(ta.TransferAssetCode)
  FROM transfer_asset ta;
END
$$

--
-- Create procedure `Proc_TransferAsset_GetById`
--
CREATE DEFINER = 'root'@'localhost'
PROCEDURE Proc_TransferAsset_GetById (IN id char(36))
BEGIN
  SELECT
    ta.TransferAssetId,
    ta.TransferAssetCode,
    ta.TransferDate,
    ta.TransactionDate,
    ta.OriginalPrice,
    ta.Note
  FROM transfer_asset ta
  WHERE ta.TransferAssetId = id;
END
$$

--
-- Create procedure `Proc_TransferAsset_GetAll`
--
CREATE DEFINER = 'root'@'localhost'
PROCEDURE Proc_TransferAsset_GetAll ()
BEGIN
  SELECT
    d.TransferAssetId,
    d.TransferAssetCode,
    d.TransferDate,
    d.TransactionDate,
    d.OriginalPrice,
    d.Note
  FROM transfer_asset d;
END
$$

--
-- Create procedure `Proc_TransferAsset_CheckDuplicateCode`
--
CREATE DEFINER = 'root'@'localhost'
PROCEDURE Proc_TransferAsset_CheckDuplicateCode (IN TransferAssetCode varchar(100), IN TransferAssetId char(36))
BEGIN
  DECLARE Count int;

  -- Kiểm tra giá trị của PropertyId và thực hiện truy vấn tương ứng
  IF TransferAssetId IS NOT NULL
    OR TransferAssetId NOT LIKE ''
    OR TransferAssetId != '00000000-0000-0000-0000-000000000000' THEN
    SELECT
      count(*) INTO Count
    FROM transfer_asset ta
    WHERE ta.TransferAssetCode = TransferAssetCode
    AND ta.TransferAssetId != TransferAssetId;
    SELECT
      IF(Count > 0, TRUE, FALSE) AS IsDuplicate;
  ELSE
    SELECT
      count(*) INTO count
    FROM transfer_asset ta
    WHERE ta.TransferAssetCode = TransferAssetCode;
    SELECT
      IF(count > 0, TRUE, FALSE) AS IsDuplicate;
  END IF;

END
$$

--
-- Create procedure `Proc_TransferAsset_AddNew`
--
CREATE DEFINER = 'root'@'localhost'
PROCEDURE Proc_TransferAsset_AddNew (IN TransferAssetId char(36), IN TransferAssetCode varchar(20), IN TransferDate datetime, IN TransactionDate datetime, IN OriginalPrice decimal(18, 4), IN Note varchar(255), IN CreatedDate datetime, IN CreatedBy varchar(255), IN ModifiedDate datetime, IN ModifiedBy varchar(255))
BEGIN
  INSERT INTO transfer_asset (TransferAssetId, TransferAssetCode, TransferDate, TransactionDate, OriginalPrice, Note, CreatedDate, CreatedBy, ModifiedDate, ModifiedBy)
    VALUES (TransferAssetId, TransferAssetCode, TransferDate, TransactionDate, OriginalPrice, Note, CreatedDate, CreatedBy, ModifiedDate, ModifiedBy);
END
$$

DELIMITER ;

--
-- Create table `transfer_asset_detail`
--
CREATE TABLE transfer_asset_detail (
  TransferAssetDetailId char(36) NOT NULL DEFAULT '' COMMENT 'Id của tài sản điều chuyển',
  DepartmentId char(36) NOT NULL COMMENT 'Id của phòng ban cũ',
  DepartmentTransferId char(36) NOT NULL DEFAULT '' COMMENT 'Id của phòng ban điều chuyển tới',
  PropertyId char(36) NOT NULL DEFAULT '' COMMENT 'Id của tài sản',
  Reason varchar(255) DEFAULT NULL COMMENT 'Lý do',
  TransferAssetId char(36) NOT NULL DEFAULT '' COMMENT 'Id của chứng từ ứng với tài sản được điều chuyển',
  CreatedDate datetime DEFAULT NULL COMMENT 'Ngày tạo',
  CreatedBy varchar(255) DEFAULT NULL COMMENT 'Người tạo',
  ModifiedDate datetime DEFAULT NULL COMMENT 'Ngày sửa đổi',
  ModifiedBy varchar(255) DEFAULT NULL COMMENT 'Người sửa đổi',
  DepartmentName varchar(255) NOT NULL DEFAULT '',
  DepartmentTransferName varchar(255) NOT NULL DEFAULT '',
  OriginalPrice decimal(18, 4) NOT NULL DEFAULT 0.0000,
  PRIMARY KEY (TransferAssetDetailId)
)
ENGINE = INNODB,
AVG_ROW_LENGTH = 2730,
CHARACTER SET utf8mb4,
COLLATE utf8mb4_0900_ai_ci;

--
-- Create foreign key
--
ALTER TABLE transfer_asset_detail
ADD CONSTRAINT FK_transfer_asset_detail_DepartmentId FOREIGN KEY (DepartmentId)
REFERENCES department (DepartmentId);

--
-- Create foreign key
--
ALTER TABLE transfer_asset_detail
ADD CONSTRAINT FK_transfer_asset_detail_DepartmentTransferId FOREIGN KEY (DepartmentTransferId)
REFERENCES department (DepartmentId);

--
-- Create foreign key
--
ALTER TABLE transfer_asset_detail
ADD CONSTRAINT FK_transfer_asset_detail_PropertyId FOREIGN KEY (PropertyId)
REFERENCES property (PropertyId);

--
-- Create foreign key
--
ALTER TABLE transfer_asset_detail
ADD CONSTRAINT FK_transfer_asset_detail_TransferAssetId FOREIGN KEY (TransferAssetId)
REFERENCES transfer_asset (TransferAssetId) ON DELETE CASCADE;

DELIMITER $$

--
-- Create procedure `Proc_TransferAssetDetail_Update`
--
CREATE DEFINER = 'root'@'localhost'
PROCEDURE Proc_TransferAssetDetail_Update (IN TransferAssetDetailId char(36), IN DepartmentId char(36), IN DepartmentTransferId char(36), IN PropertyId char(36), IN Reason varchar(255), IN TransferAssetId char(36), IN DepartmentName varchar(255), IN DepartmentTransferName varchar(255), IN OriginalPrice varchar(255), IN ModifiedDate datetime, IN ModifiedBy varchar(255))
BEGIN
  UPDATE transfer_asset_detail tad
  SET tad.DepartmentId = DepartmentId,
      tad.DepartmentTransferId = DepartmentTransferId,
      tad.PropertyId = PropertyId,
      tad.Reason = Reason,
      tad.TransferAssetId = TransferAssetId,
      tad.DepartmentName = DepartmentName,
      tad.DepartmentTransferName = DepartmentTransferName,
      tad.OriginalPrice = OriginalPrice,
      tad.ModifiedDate = ModifiedDate,
      tad.ModifiedBy = ModifiedBy
  WHERE tad.TransferAssetDetailId = TransferAssetDetailId;
END
$$

--
-- Create procedure `Proc_TransferAssetDetail_GetTransferAssetGreaterDate`
--
CREATE DEFINER = 'root'@'localhost'
PROCEDURE Proc_TransferAssetDetail_GetTransferAssetGreaterDate (IN ListId text, IN TransferDate datetime)
COMMENT 'Lấy ra các chứng từ chứa 1 id của tài sản truyền vào có ngày điều chuyển lớn hơn'
BEGIN
  SELECT
    ta.TransferAssetCode,
    p.PropertyCode,
    ta.TransferDate,
    p.PropertyId
  FROM transfer_asset ta
    LEFT JOIN transfer_asset_detail tad
      ON ta.TransferAssetId = tad.TransferAssetId
    LEFT JOIN property p
      ON tad.PropertyId = p.PropertyId
  WHERE FIND_IN_SET(p.PropertyId, ListId) > 0
  AND ta.TransferDate > TransferDate;
END
$$

--
-- Create procedure `Proc_TransferAssetDetail_GetPagingByTransferAssetId`
--
CREATE DEFINER = 'root'@'localhost'
PROCEDURE Proc_TransferAssetDetail_GetPagingByTransferAssetId (IN p_TransferAssetId char(36), IN pageNumber int, IN pageSize int)
BEGIN
  DECLARE startRow int;
  SET startRow = (pageNumber - 1) * pageSize;
  SELECT
    p.TransferAssetDetailId,
    p.DepartmentId,
    p.DepartmentTransferId,
    p.PropertyId,
    p1.PropertyName,
    p1.PropertyCode,
    p1.WearRateValue,
    p1.FollowYear,
    p.OriginalPrice,
    d.DepartmentName,
    d1.DepartmentName AS DepartmentTransferName,
    p.Reason,
    p.TransferAssetId,
    p.CreatedDate,
    p.CreatedBy,
    p.ModifiedDate,
    p.ModifiedBy,
    (SELECT
        COUNT(*)
      FROM transfer_asset_detail
      WHERE TransferAssetId = p_TransferAssetId) AS TotalRecords
  FROM transfer_asset_detail p
    LEFT JOIN property p1
      ON p.PropertyId = p1.PropertyId
    LEFT JOIN department d
      ON p.DepartmentId = d.DepartmentId
    LEFT JOIN department d1
      ON p.DepartmentTransferId = d1.DepartmentId
  WHERE p.TransferAssetId = p_TransferAssetId
  ORDER BY p.TransferAssetDetailId
  LIMIT startRow, pageSize;
END
$$

--
-- Create procedure `Proc_TransferAssetDetail_GetByTransferAssetId`
--
CREATE DEFINER = 'root'@'localhost'
PROCEDURE Proc_TransferAssetDetail_GetByTransferAssetId (IN Id char(36))
BEGIN
  SELECT
    tad.TransferAssetDetailId,
    tad.DepartmentId,
    tad.DepartmentTransferId,
    tad.PropertyId,
    p.PropertyCode,
    p.PropertyName,
    p.WearRateValue,
    p.FollowYear,
    tad.Reason,
    tad.TransferAssetId,
    tad.CreatedDate,
    tad.CreatedBy,
    tad.ModifiedDate,
    tad.ModifiedBy,
    tad.DepartmentName,
    tad.DepartmentTransferName,
    (p.OriginalPrice - p.WearRateValue * (YEAR(CURDATE()) - YEAR(p.FollowDate))) AS ResidualPrice,
    tad.OriginalPrice
  FROM transfer_asset_detail tad
    LEFT JOIN property p
      ON p.PropertyId = tad.PropertyId
  WHERE tad.TransferAssetId = Id
  ORDER BY p.PropertyCode;
END
$$

--
-- Create procedure `Proc_TransferAssetDetail_GetAll`
--
CREATE DEFINER = 'root'@'localhost'
PROCEDURE Proc_TransferAssetDetail_GetAll ()
BEGIN
  SELECT
    p.TransferAssetDetailId,
    p.DepartmentId,
    p.DepartmentTransferId,
    p.PropertyId,
    p1.PropertyName,
    p1.OriginalPrice,
    d.DepartmentName,
    d1.DepartmentName AS DepartmentTransferName,
    p.Reason,
    p.DocumentId,
    p.CreatedDate,
    p.CreatedBy,
    p.ModifiedDate,
    p.ModifiedBy
  FROM transfer_asset_detail p
    LEFT JOIN property p1
      ON p.PropertyId = p1.PropertyId
    LEFT JOIN department d
      ON p.DepartmentId = d.DepartmentId
    LEFT JOIN department d1
      ON p.DepartmentTransferId = d1.DepartmentId;
END
$$

--
-- Create procedure `Proc_TransferAssetDetail_CountRecord`
--
CREATE DEFINER = 'root'@'localhost'
PROCEDURE Proc_TransferAssetDetail_CountRecord (IN ListId text)
BEGIN
  SELECT
    COUNT(*)
  FROM transfer_asset_detail tad
  WHERE LOCATE(tad.TransferAssetDetailId, ListId) > 0;
END
$$

--
-- Create procedure `Proc_TransferAssetDetail_AddNew`
--
CREATE DEFINER = 'root'@'localhost'
PROCEDURE Proc_TransferAssetDetail_AddNew (IN TransferAssetDetailId char(36), IN DepartmentId char(36), IN DepartmentTransferId char(36), IN PropertyId char(36), IN Reason varchar(255), IN TransferAssetId char(36), IN CreatedDate datetime, IN CreatedBy varchar(255), IN ModifiedDate datetime, IN ModifiedBy varchar(255), IN DepartmentName varchar(255), IN DepartmentTransferName varchar(255), IN OriginalPrice varchar(255))
BEGIN
  INSERT INTO transfer_asset_detail (TransferAssetDetailId, DepartmentId, DepartmentTransferId, PropertyId, Reason, TransferAssetId, CreatedDate, CreatedBy, ModifiedDate, ModifiedBy, DepartmentName, DepartmentTransferName, OriginalPrice)
    VALUES (TransferAssetDetailId, DepartmentId, DepartmentTransferId, PropertyId, Reason, TransferAssetId, CreatedDate, CreatedBy, ModifiedDate, ModifiedBy, DepartmentName, DepartmentTransferName, OriginalPrice);
END
$$

--
-- Create procedure `Proc_TransferAsset_Paging`
--
CREATE DEFINER = 'root'@'localhost'
PROCEDURE Proc_TransferAsset_Paging (IN pageNumber int, IN pageSize int)
BEGIN
  DECLARE startRow int;
  DECLARE totalResidualPrice decimal(18, 4);
  DECLARE residualPrice decimal(18, 4);
  SET startRow = (pageNumber - 1) * pageSize;

  SELECT
    SUM(p.OriginalPrice - p.WearRateValue * (YEAR(CURDATE()) - YEAR(p.FollowDate))) INTO totalResidualPrice
  FROM transfer_asset ta
    LEFT JOIN transfer_asset_detail tad
      ON tad.TransferAssetId = ta.TransferAssetId
    LEFT JOIN property p
      ON p.PropertyId = tad.PropertyId;

  SELECT
    d.TransferAssetId,
    d.TransferAssetCode,
    d.TransferDate,
    d.TransactionDate,
    d.OriginalPrice,
    SUM(p.OriginalPrice - p.WearRateValue * (YEAR(CURDATE()) - YEAR(p.FollowDate))) AS ResidualPrice,
    d.Note,
    TotalResidualPrice AS TotalResidualPrice
  FROM transfer_asset d
    LEFT JOIN transfer_asset_detail tad
      ON tad.TransferAssetId = d.TransferAssetId
    LEFT JOIN property p
      ON p.PropertyId = tad.PropertyId

  GROUP BY d.TransferAssetId
  ORDER BY d.TransferDate DESC
  LIMIT startRow, pageSize;
END
$$

--
-- Create procedure `Proc_TransferAsset_GetByPropertyId`
--
CREATE DEFINER = 'root'@'localhost'
PROCEDURE Proc_TransferAsset_GetByPropertyId (IN ListId text)
BEGIN
  SELECT
    ta.TransferAssetId,
    ta.TransferAssetCode,
    ta.TransferDate,
    ta.TransactionDate,
    tad.PropertyId,
    p.PropertyCode
  FROM transfer_asset ta
    LEFT JOIN transfer_asset_detail tad
      ON ta.TransferAssetId = tad.TransferAssetId
    LEFT JOIN property p
      ON tad.PropertyId = p.PropertyId
  WHERE LOCATE(tad.PropertyId, ListId) > 0;
END
$$

--
-- Create procedure `Proc_TransferAsset_CheckInRangeTransferAsset`
--
CREATE DEFINER = 'root'@'localhost'
PROCEDURE Proc_TransferAsset_CheckInRangeTransferAsset (IN PropertyId char(36), IN OldTransferDate datetime, IN TransferDate datetime)
BEGIN
  SELECT
    ta.TransferAssetId,
    ta.TransferAssetCode,
    ta.TransferDate
  FROM transfer_asset_detail tad
    LEFT JOIN transfer_asset ta
      ON ta.TransferAssetId = tad.TransferAssetId
  WHERE tad.PropertyId = PropertyId
  AND ta.TransferDate < TransferDate
  AND ta.TransferDate > OldTransferDate;
END
$$

--
-- Create procedure `Proc_TransferAsset_CheckDelete`
--
CREATE DEFINER = 'root'@'localhost'
PROCEDURE Proc_TransferAsset_CheckDelete (IN listId text)
COMMENT 'Thủ tục check tài sản được phép xóa hay không'
BEGIN
  DROP TEMPORARY TABLE IF EXISTS temp_transfer_assets;

  -- Tạo bảng tạm lưu thông tin tài sản trong các chứng từ (listId là danh sách Id các chứng từ)
  CREATE TEMPORARY TABLE temp_transfer_assets AS
  SELECT
    ta.TransferAssetId,
    ta.TransferAssetCode,
    tad.PropertyId,
    ta.TransferDate,
    p.PropertyCode
  FROM transfer_asset ta
    LEFT JOIN transfer_asset_detail tad
      ON ta.TransferAssetId = tad.TransferAssetId
    LEFT JOIN property p
      ON tad.PropertyId = p.PropertyId
  WHERE LOCATE(ta.TransferAssetId, listId) > 0;

  -- Tạo bảng tạm lưu bản ghi về thông tin tài sản có ở bảng tạm temp_transfer_assets mà 
  -- thuộc chứng từ khác có thời gian điều chuyển lớn hơn ở chứng từ của tài sản hiện tại
  DROP TEMPORARY TABLE IF EXISTS temp_result_max;
  CREATE TEMPORARY TABLE temp_result_max AS
  SELECT
    tta.TransferAssetCode,
    tta.PropertyId,
    tta.PropertyCode AS TransferAssetCode_ta,
    ta.TransferDate
  FROM temp_transfer_assets tta
    LEFT JOIN transfer_asset ta
      ON tta.TransferAssetId = ta.TransferAssetId
  WHERE tta.PropertyId IN (SELECT
      tad.PropertyId
    FROM transfer_asset ta
      LEFT JOIN transfer_asset_detail tad
        ON ta.TransferAssetId = tad.TransferAssetId
    WHERE tta.TransferDate < ta.TransferDate)
  ORDER BY ta.TransferDate DESC, TransferAssetCode_ta DESC LIMIT 1;

  -- Lấy ra thông tin của tất cả chứng từ có thông tin tài sản là thông tin được lưu ở bảng tạm temp_result_max
  -- và có ngày điều chuyển lớn hơn ngày điều chuyển của thông tin ở bảng temp_result_max
  SELECT
    ta.TransferAssetCode,
    p.PropertyCode,
    ta.TransferDate,
    trm.TransferAssetCode AS TransferAssetCheckedCode
  FROM transfer_asset ta
    LEFT JOIN transfer_asset_detail tad
      ON ta.TransferAssetId = tad.TransferAssetId
    LEFT JOIN property p
      ON p.PropertyId = tad.PropertyId
    LEFT JOIN temp_result_max trm
      ON trm.PropertyId = p.PropertyId
  WHERE ta.TransferDate > trm.TransferDate
  ORDER BY ta.TransferAssetCode DESC;
END
$$

--
-- Create procedure `Proc_Property_GetCurrent`
--
CREATE DEFINER = 'root'@'localhost'
PROCEDURE Proc_Property_GetCurrent (IN PageNumber int, IN PageSize int, IN SearchInput varchar(255), IN ExcludedIds text)
COMMENT 'Lấy ra danh sách tài sản hiện tại'
BEGIN
  DECLARE startRow int;
  DECLARE recordCount int;
  DECLARE totalPrice decimal(18, 4);
  DECLARE totalResidualPrice decimal(18, 4);
  SET startRow = (PageNumber - 1) * PageSize;
  -- Create a temporary table to store property transactions
  DROP TABLE IF EXISTS property_new;

  CREATE TABLE property_new (
    PropertyCode varchar(255),
    TransactionDate datetime
  );

  -- Insert data into the temporary table
  INSERT INTO property_new (PropertyCode, TransactionDate)
    SELECT
      p.PropertyCode,
      MAX(ta.TransactionDate) AS TransactionDate
    FROM transfer_asset_detail tad
      LEFT JOIN transfer_asset ta
        ON ta.TransferAssetId = tad.TransferAssetId
      LEFT JOIN property p
        ON tad.PropertyId = p.PropertyId
    GROUP BY p.PropertyCode;


  SELECT
    COUNT(*),
    SUM(p.OriginalPrice),
    SUM(p.OriginalPrice - p.WearRateValue * (YEAR(CURDATE()) - YEAR(p.FollowDate))) INTO recordCount, totalPrice, totalResidualPrice
  FROM property p
  WHERE (ExcludedIds IS NULL
  OR ExcludedIds = ''
  OR LOCATE(CONVERT(p.PropertyId, char), ExcludedIds) = 0)
  AND (SearchInput IS NULL
  OR SearchInput = ''
  OR p.PropertyCode LIKE CONCAT('%', SearchInput, '%')
  OR p.PropertyName LIKE CONCAT('%', SearchInput, '%'));

  SELECT
    tad.TransferAssetDetailId,
    tad.DepartmentTransferId,
    p.PropertyId,
    tad.DepartmentTransferName,
    p.PropertyCode,
    p.PropertyName,
    p.OriginalPrice,
    p.FollowYear,
    p.FollowDate,
    p.NumberYearUse,
    p.WearRateValue,
    p.DepartmentId,
    d.DepartmentName,
    (p.OriginalPrice - p.WearRateValue * (YEAR(CURDATE()) - YEAR(p.FollowDate))) AS ResidualPrice,

    recordCount AS TotalRecordCount,
    TotalPrice AS TotalPrice,
    TotalResidualPrice AS TotalResidualPrice
  FROM property p
    LEFT JOIN transfer_asset_detail tad
      ON p.PropertyId = tad.PropertyId
    LEFT JOIN transfer_asset ta
      ON ta.TransferAssetId = tad.TransferAssetId
    LEFT JOIN department d
      ON p.DepartmentId = d.DepartmentId

  WHERE ((p.PropertyCode, ta.TransactionDate) IN (SELECT
      PropertyCode,
      TransactionDate
    FROM property_new)
  OR p.PropertyCode NOT IN (SELECT
      PropertyCode
    FROM property_new))
  AND (ExcludedIds IS NULL
  OR ExcludedIds = ''
  OR LOCATE(CONVERT(p.PropertyId, char), ExcludedIds) = 0)  -- Loại trừ các ID trong danh sách
  AND (SearchInput IS NULL
  OR SearchInput = ''
  OR p.PropertyCode LIKE CONCAT('%', SearchInput, '%')
  OR p.PropertyName LIKE CONCAT('%', SearchInput, '%'))
  ORDER BY p.PropertyCode DESC
  LIMIT startRow, PageSize;
  -- Drop the temporary table
  DROP TABLE property_new;

END
$$

--
-- Create procedure `Proc_Property_GetById`
--
CREATE DEFINER = 'root'@'localhost'
PROCEDURE Proc_Property_GetById (IN p_PropertyId char(36))
BEGIN
  DECLARE Count int;

  SELECT
    COUNT(*) INTO Count
  FROM transfer_asset_detail tad
  WHERE tad.PropertyId = p_PropertyId;

  SELECT
    p.PropertyId,
    p.PropertyCode,
    p.PropertyName,
    p.Quantity,
    p.OriginalPrice,
    p.NumberYearUse,
    p.WearRate,
    p.WearRateValue,
    p.FollowYear,
    p.PurchaseDate,
    p.FollowDate,
    p.CreatedDate,
    p.CreatedBy,
    p.ModifiedDate,
    p.ModifiedBy,
    d.DepartmentId,
    d.DepartmentCode,
    d.DepartmentName,
    p1.PropertyTypeId,
    p1.PropertyTypeCode,
    p1.PropertyTypeName,
    IF(Count > 0, FALSE, TRUE) AS EditMode
  FROM property p
    LEFT JOIN department d
      ON p.DepartmentId = d.DepartmentId
    LEFT JOIN propertytype p1
      ON p.PropertyTypeId = p1.PropertyTypeId
  WHERE p.PropertyId = p_PropertyId;
END
$$

DELIMITER ;

--
-- Create table `receiver`
--
CREATE TABLE receiver (
  ReceiverId char(36) NOT NULL DEFAULT '' COMMENT 'Id của người giao nhận',
  FullName varchar(100) NOT NULL DEFAULT '' COMMENT 'Tên đầy đủ',
  Represent varchar(255) NOT NULL DEFAULT '' COMMENT 'Đại diện',
  Position varchar(255) NOT NULL DEFAULT '' COMMENT 'Chức vụ',
  ReceiverOrder int NOT NULL COMMENT 'Thứ tự trong các người giao nhận',
  TransferAssetId char(36) NOT NULL DEFAULT '' COMMENT 'Id chứng từ ứng với người điều chuyển',
  CreatedDate datetime DEFAULT NULL,
  CreatedBy varchar(255) DEFAULT NULL,
  ModifiedDate datetime DEFAULT NULL,
  ModifiedBy varchar(255) DEFAULT NULL,
  PRIMARY KEY (ReceiverId)
)
ENGINE = INNODB,
AVG_ROW_LENGTH = 8192,
CHARACTER SET utf8mb4,
COLLATE utf8mb4_0900_ai_ci,
COMMENT = 'Người nhận ';

--
-- Create foreign key
--
ALTER TABLE receiver
ADD CONSTRAINT FK_receiver_TransferAssetId FOREIGN KEY (TransferAssetId)
REFERENCES transfer_asset (TransferAssetId) ON DELETE CASCADE;

DELIMITER $$

--
-- Create procedure `Proc_Receiver_Update`
--
CREATE DEFINER = 'root'@'localhost'
PROCEDURE Proc_Receiver_Update (IN ReceiverId char(36), IN FullName varchar(36), IN Represent varchar(255), IN Position varchar(255), IN ReceiverOrder int, IN TransferAssetId char(36), IN ModifiedDate datetime, IN ModifiedBy varchar(255))
BEGIN
  UPDATE receiver r
  SET FullName = FullName,
      Represent = Represent,
      Position = Position,
      ReceiverOrder = ReceiverOrder,
      TransferAssetId = TransferAssetId,
      ModifiedDate = ModifiedDate,
      ModifiedBy = ModifiedBy
  WHERE r.ReceiverId = ReceiverId;
END
$$

--
-- Create procedure `Proc_Receiver_GetLastest`
--
CREATE DEFINER = 'root'@'localhost'
PROCEDURE Proc_Receiver_GetLastest ()
COMMENT 'Lấy ra ban giao nhận mới nhất'
BEGIN
  DECLARE firstTransferAssetId char(36);

  -- Lấy giá trị TransferAssetId của bản ghi đầu tiên
  SELECT
    r.TransferAssetId INTO firstTransferAssetId
  FROM receiver r
  ORDER BY r.CreatedDate DESC
  LIMIT 1;

  -- Lấy các bản ghi khác mà có TransferAssetId giống với bản ghi đầu tiên
  SELECT
    r.FullName,
    r.Represent,
    r.Position,
    r.ReceiverOrder
  FROM receiver r
  WHERE r.TransferAssetId = firstTransferAssetId
  ORDER BY r.ReceiverOrder;
END
$$

--
-- Create procedure `Proc_Receiver_GetByTransferAssetId`
--
CREATE DEFINER = 'root'@'localhost'
PROCEDURE Proc_Receiver_GetByTransferAssetId (IN Id char(36))
BEGIN
  SELECT
    r.ReceiverId,
    r.FullName,
    r.Represent,
    r.Position,
    r.ReceiverOrder,
    Id AS TransferAssetId
  FROM receiver r
  WHERE r.TransferAssetId = Id
  ORDER BY r.ReceiverOrder;
END
$$

--
-- Create procedure `Proc_Receiver_AddNew`
--
CREATE DEFINER = 'root'@'localhost'
PROCEDURE Proc_Receiver_AddNew (IN ReceiverId char(36), IN FullName varchar(36), IN Represent varchar(255), IN Position varchar(255), IN ReceiverOrder int, IN TransferAssetId char(36), IN CreatedDate datetime, IN CreatedBy varchar(255), IN ModifiedDate datetime, IN ModifiedBy varchar(255))
BEGIN
  INSERT INTO receiver (ReceiverId, FullName, Represent, Position, ReceiverOrder, TransferAssetId, CreatedDate, CreatedBy, ModifiedDate, ModifiedBy)
    VALUES (ReceiverId, FullName, Represent, Position, ReceiverOrder, TransferAssetId, CreatedDate, CreatedBy, ModifiedDate, ModifiedBy);
END
$$

--
-- Create procedure `Proc_TransferAsset_MultiDelete`
--
CREATE DEFINER = 'root'@'localhost'
PROCEDURE Proc_TransferAsset_MultiDelete (IN idList text)
BEGIN
  SET @sql = CONCAT('DELETE FROM transfer_asset WHERE TransferAssetId IN (', idList, ')');
  PREPARE stmt FROM @sql;
  EXECUTE stmt;
  DEALLOCATE PREPARE stmt;
END
$$

--
-- Create procedure `Proc_TransferAssetDetail_MultiDelete`
--
CREATE DEFINER = 'root'@'localhost'
PROCEDURE Proc_TransferAssetDetail_MultiDelete (IN idList text)
BEGIN
  SET @sql = CONCAT('DELETE FROM transfer_asset_detail WHERE TransferAssetDetailId IN (', idList, ')');
  PREPARE stmt FROM @sql;
  EXECUTE stmt;
  DEALLOCATE PREPARE stmt;
END
$$

--
-- Create procedure `Proc_Receiver_MultiDelete`
--
CREATE DEFINER = 'root'@'localhost'
PROCEDURE Proc_Receiver_MultiDelete (IN idList text)
BEGIN
  SET @sql = CONCAT('DELETE FROM receiver WHERE ReceiverId IN (', idList, ')');
  PREPARE stmt FROM @sql;
  EXECUTE stmt;
  DEALLOCATE PREPARE stmt;
END
$$

--
-- Create procedure `Proc_Property_MultiDelete`
--
CREATE DEFINER = 'root'@'localhost'
PROCEDURE Proc_Property_MultiDelete (IN idList text)
BEGIN
  SET @sql = CONCAT('DELETE FROM property WHERE PropertyId IN (', idList, ')');
  PREPARE stmt FROM @sql;
  EXECUTE stmt;
  DEALLOCATE PREPARE stmt;
END
$$

--
-- Create procedure ` Proc_TransferAssetDetail_CountRecord`
--
CREATE DEFINER = 'root'@'localhost'
PROCEDURE ` Proc_TransferAssetDetail_CountRecord` (IN listId text)
BEGIN
  SET @sql = CONCAT('Select count(*) FROM TransferAssetDetail WHERE TransferAssetDetailId IN (', listId, ')');
  PREPARE stmt FROM @sql;
  EXECUTE stmt;
  DEALLOCATE PREPARE stmt;
END
$$

DELIMITER ;

-- 
-- Dumping data for table propertytype
--
INSERT INTO propertytype VALUES
('12437806-26ac-3517-9c0b-87ae14180c33', '16', 'Hiện vật trưng bày trong bảo tàng', NULL, NULL, 'Trương Phương Trương', '1971-01-15 00:00:00', 'Trương Phương Trương', '1971-01-15 00:00:00'),
('148ed882-32b8-218e-9c20-39c2f00615e8', '1', 'Nhà, công trình xây dựng', NULL, NULL, 'Trần Văn Trần', '1971-01-01 17:07:13', 'Trần Văn Trần', '1971-01-01 17:07:13'),
('14ee7bc0-194c-3948-57be-406293204378', '15', 'Cổ vật', NULL, NULL, 'Tống Văn Tống', '1971-01-14 00:00:00', 'Tống Văn Tống', '1971-01-14 00:00:00'),
('15cb3909-1246-2add-33de-23e177779933', '301', 'Phương tiện vận tải đường bộ', NULL, NULL, 'Nông Thị Nông', '1971-01-27 00:00:00', 'Nông Thị Nông', '1971-01-27 00:00:00'),
('15d0d796-1465-4665-fc83-196123975cb2', '12', 'Quyền tác giả', NULL, NULL, 'Mạc Phương Mạc', '1971-01-10 00:00:00', 'Mạc Phương Mạc', '1971-01-10 00:00:00'),
('182ac03d-3bc5-1d27-7309-bf1378b8dc91', '301010304', 'Xe chở phạm nhân', 15.0000, 0.0667, 'Hà Ánh Hà', '1971-02-08 00:00:00', 'Hà Ánh Hà', '1971-02-08 00:00:00'),
('1b691e79-236d-5b5a-9d20-39c2f00615e8', '102', 'Nhà cấp I', 80.0000, 0.0125, 'Mai Minh Mai', '1971-01-05 00:00:00', 'Mai Minh Mai', '1971-01-05 00:00:00'),
('1d3986c3-11ae-3e82-85c0-08fd2f807219', '301010102', 'Xe 6 đến 8 chỗ', 15.0000, 0.0667, 'Hoàng Phương Hoàng', '1971-01-31 00:00:00', 'Hoàng Phương Hoàng', '1971-01-31 00:00:00'),
('204c0070-4a99-51b1-7209-bf1378b8dc91', '3010102', 'Xe phục vụ chung', NULL, NULL, 'Nguyễn Văn Nguyễn', '1971-02-01 00:00:00', 'Nguyễn Văn Nguyễn', '1971-02-01 00:00:00'),
('20bbbd0b-3c4a-7d94-6f09-bf1378b8dc91', '13', 'Quyền sở hữu công nghiệp', NULL, NULL, 'Trần Minh Trần', '1971-01-12 00:00:00', 'Trần Minh Trần', '1971-01-12 00:00:00'),
('22f29725-54f0-11f0-9d0b-87ae14180c33', '201', 'Kho chứa, bể chứa, bãi đỗ, sân phơi, sân chơi, sân chơi thể thao, sân vận động, bể bơi, trường bắn', 20.0000, 0.0500, 'Mai Thị Mai', '1971-01-20 00:00:00', 'Mai Thị Mai', '1971-01-20 00:00:00'),
('2520d168-1494-4217-89d5-ba100c6f7bce', '204', 'Các vật kiến trúc khác', 10.0000, 0.1000, 'Mai Ánh Mai', '1971-01-23 00:00:00', 'Mai Ánh Mai', '1971-01-23 00:00:00'),
('2535c718-4dd9-311b-8cd5-ba100c6f7bce', '301010313', 'Xe kéo, xe cứu hộ, cứu nạn', 15.0000, 0.0667, 'Hà Thị Hà', '1971-02-17 00:00:00', 'Hà Thị Hà', '1971-02-17 00:00:00'),
('25502e11-38ba-4c53-fe83-196123975cb2', '301010307', 'Xe chở rác', 15.0000, 0.0667, 'Nguyễn Văn Nguyễn', '1971-02-11 00:00:00', 'Nguyễn Văn Nguyễn', '1971-02-11 00:00:00'),
('26de5798-48e1-14d3-9f0b-87ae14180c33', '301010315', 'Xe hộ đê', 15.0000, 0.0667, 'Nông Ánh Nông', '1971-02-19 00:00:00', 'Nông Ánh Nông', '1971-02-19 00:00:00'),
('26de5798-48e1-14d3-9f0b-87ae14180c34', '301010316', 'Xe tập lái', 15.0000, 0.0667, 'Nông Ánh Nông', '1971-02-20 00:00:00', 'Nông Ánh Nông', '1971-02-20 00:00:00'),
('26de5798-48e1-14d3-9f0b-87ae14180c35', '301010317', 'Xe thu phát tín hiệu truyền hình, truyền thông', 15.0000, 0.0667, 'Nông Ánh Nông', '1971-02-21 00:00:00', 'Nông Ánh Nông', '1971-02-21 00:00:00'),
('26de5798-48e1-14d3-9f0b-87ae14180c36', '301010318', 'Xe thanh tra giao thông', 15.0000, 0.0667, 'Nông Ánh Nông', '1971-02-22 00:00:00', 'Nông Ánh Nông', '1971-02-22 00:00:00'),
('26de5798-48e1-14d3-9f0b-87ae14180c37', '301010319', 'Xe chở diễn viên, vận động viên', 15.0000, 0.0667, 'Nông Ánh Nông', '1971-02-23 00:00:00', 'Nông Ánh Nông', '1971-02-23 00:00:00'),
('26de5798-48e1-14d3-9f0b-87ae14180c38', '301010320', 'Xe phòng chống dịch', 15.0000, 0.0667, 'Nông Ánh Nông', '1971-02-24 00:00:00', 'Nông Ánh Nông', '1971-02-24 00:00:00'),
('26de5798-48e1-14d3-9f0b-87ae14180c39', '301010321', 'Xe kiểm lâm', 15.0000, 0.0667, 'Nông Ánh Nông', '1971-02-25 00:00:00', 'Nông Ánh Nông', '1971-02-25 00:00:00'),
('26de5798-48e1-14d3-9f0b-87ae14180c40', '301010322', 'Xe chống buôn lậu', 15.0000, 0.0667, 'Nông Ánh Nông', '1971-02-26 00:00:00', 'Nông Ánh Nông', '1971-02-26 00:00:00'),
('26de5798-48e1-14d3-9f0b-87ae14180c41', '301010323', 'Xe phòng chống lụt bão', 15.0000, 0.0667, 'Nông Ánh Nông', '1971-02-27 00:00:00', 'Nông Ánh Nông', '1971-02-27 00:00:00'),
('26de5798-48e1-14d3-9f0b-87ae14180c42', '301010324', 'Xe tải các loại', 15.0000, 0.0667, 'Nông Ánh Nông', '1971-02-28 00:00:00', 'Nông Ánh Nông', '1971-02-28 00:00:00'),
('26de5798-48e1-14d3-9f0b-87ae14180c43', '301010325', 'Xe lễ tân nhà nước', 15.0000, 0.0667, 'Nông Ánh Nông', '1971-03-01 00:00:00', 'Nông Ánh Nông', '1971-03-01 00:00:00'),
('26de5798-48e1-14d3-9f0b-87ae14180c44', '301010326', 'Xe ca trên 16 chỗ ngồi các loại', 15.0000, 0.0667, 'Nông Ánh Nông', '1971-03-02 00:00:00', 'Nông Ánh Nông', '1971-03-02 00:00:00'),
('26de5798-48e1-14d3-9f0b-87ae14180c45', '301010327', 'Xe khám và điều trị bệnh nhân lưu động', 15.0000, 0.0667, 'Nông Ánh Nông', '1971-03-03 00:00:00', 'Nông Ánh Nông', '1971-03-03 00:00:00'),
('26de5798-48e1-14d3-9f0b-87ae14180c46', '301010328', 'Xe đưa đón giáo viên, học sinh', 15.0000, 0.0667, 'Nông Ánh Nông', '1971-03-04 00:00:00', 'Nông Ánh Nông', '1971-03-04 00:00:00'),
('26de5798-48e1-14d3-9f0b-87ae14180c47', '301010329', 'Xe phát sóng lên vệ tinh', 15.0000, 0.0667, 'Nông Ánh Nông', '1971-03-05 00:00:00', 'Nông Ánh Nông', '1971-03-05 00:00:00'),
('26de5798-48e1-14d3-9f0b-87ae14180c48', '301010330', 'Xe văn hóa thông tin lưu động', 15.0000, 0.0667, 'Nông Ánh Nông', '1971-03-06 00:00:00', 'Nông Ánh Nông', '1971-03-06 00:00:00'),
('26de5798-48e1-14d3-9f0b-87ae14180c49', '301010331', 'Xe chở chó nghiệp vụ', 15.0000, 0.0667, 'Nông Ánh Nông', '1971-03-07 00:00:00', 'Nông Ánh Nông', '1971-03-07 00:00:00'),
('26de5798-48e1-14d3-9f0b-87ae14180c50', '301010332', 'Xe chuyên dùng khác', 15.0000, 0.0667, 'Nông Ánh Nông', '1971-03-08 00:00:00', 'Nông Ánh Nông', '1971-03-08 00:00:00'),
('26de5798-48e1-14d3-9f0b-87ae14180c51', '30102', 'Xe mô tô, gắn máy', 10.0000, 0.1000, 'Nông Ánh Nông', '1971-03-09 00:00:00', 'Nông Ánh Nông', '1971-03-09 00:00:00'),
('26de5798-48e1-14d3-9f0b-87ae14180c52', '30103', 'Phương tiện vận tải đường bộ khác', 10.0000, 0.1000, 'Nông Ánh Nông', '1971-03-10 00:00:00', 'Nông Ánh Nông', '1971-03-10 00:00:00'),
('26de5798-48e1-14d3-9f0b-87ae14180c53', '302', 'Phương tiện vận tải đường sắt', 10.0000, 0.1000, 'Nông Ánh Nông', '1971-03-11 00:00:00', 'Nông Ánh Nông', '1971-03-11 00:00:00'),
('26de5798-48e1-14d3-9f0b-87ae14180c54', '303', 'Phương tiện vận tải đường thủy', NULL, NULL, 'Nông Ánh Nông', '1971-03-12 00:00:00', 'Nông Ánh Nông', '1971-03-12 00:00:00'),
('26de5798-48e1-14d3-9f0b-87ae14180c55', '30301', 'Tàu biển chở hàng hóa', 10.0000, 0.1000, 'Nông Ánh Nông', '1971-03-13 00:00:00', 'Nông Ánh Nông', '1971-03-13 00:00:00'),
('28018b36-16ff-393b-a020-39c2f00615e8', '301010203', 'Xe 9 đến 12 chỗ', 15.0000, 0.0667, 'Hà Minh Hà', '1971-02-02 00:00:00', 'Hà Minh Hà', '1971-02-02 00:00:00'),
('2cc5723c-56c3-7df9-8bd5-ba100c6f7bce', '301010305', 'Xe quét đường', 15.0000, 0.0667, 'Trương Linh Trương', '1971-02-09 00:00:00', 'Trương Linh Trương', '1971-02-09 00:00:00'),
('34bd2cef-5026-567c-3b71-153b37881afe', 'CAM', 'Camera', NULL, NULL, 'Adelaida Bergman', '2022-11-18 08:32:26', 'Alaine Hickey', '2023-02-18 04:30:00'),
('354f1b13-17bf-1b52-87d5-ba100c6f7bce', '101', 'Biệt thự, công trình xây dựng cấp đặc biệt', 80.0000, 0.0125, 'Hoàng Văn Hoàng', '1971-01-04 00:00:00', 'Hoàng Văn Hoàng', '1971-01-04 00:00:00'),
('357d7c4e-4b7f-11c2-84c0-08fd2f807219', '2', 'Vật kiến trúc', NULL, NULL, 'Mai Phương Mai', '1971-01-19 00:00:00', 'Mai Phương Mai', '1971-01-19 00:00:00'),
('36104b10-705b-57a8-83c0-08fd2f807219', '11', 'Quyền đối với giống cây trồng', NULL, NULL, 'Nông Văn Nông', '1971-01-09 00:00:00', 'Nông Văn Nông', '1971-01-09 00:00:00'),
('3700cc49-55b5-69ea-4929-a2925c0f334d', '10', 'Tài sản cố định hữu hình khác', 8.0000, 0.1250, 'Mai Linh Mai', '1971-01-03 00:00:00', 'Mai Linh Mai', '1971-01-03 00:00:00'),
('37dd9bb0-4c53-4134-31de-23e177779933', '105', 'Nhà cấp IV', 15.0000, 0.0667, 'Mạc Linh Mạc', '1971-01-08 00:00:00', 'Mạc Linh Mạc', '1971-01-08 00:00:00'),
('38528581-656f-2902-32de-23e177779933', '18', 'Di tích lịch sử được xếp hạng', NULL, NULL, 'Tống Văn Tống', '1971-01-17 00:00:00', 'Tống Văn Tống', '1971-01-17 00:00:00'),
('38fae0a4-2a8d-7751-17cf-9712082ff6cb', '301010309', 'Xe sửa chữa lưu động', 15.0000, 0.0667, 'Mai Phương Mai', '1971-02-13 00:00:00', 'Mai Phương Mai', '1971-02-13 00:00:00'),
('3b86d2ed-446c-5fce-56be-406293204378', '103', 'Nhà cấp II', 50.0000, 0.0200, 'Trương Minh Trương', '1971-01-06 00:00:00', 'Trương Minh Trương', '1971-01-06 00:00:00'),
('3bad7541-7915-6d1b-34de-23e177779933', '301010303', 'Xe chở tiền, biên lai, ấn chỉ có giá trị như tiền', 15.0000, 0.0667, 'Mai Văn Mai', '1971-02-07 00:00:00', 'Mai Văn Mai', '1971-02-07 00:00:00'),
('40480f96-2014-7c36-4c29-a2925c0f334d', '301010204', 'Xe 13 đến 16 chỗ', 15.0000, 0.0667, 'Nguyễn Linh Nguyễn', '1971-02-03 00:00:00', 'Nguyễn Linh Nguyễn', '1971-02-03 00:00:00'),
('40dcb887-554e-6059-a120-39c2f00615e8', '301010308', 'Xe ép rác', 15.0000, 0.0667, 'Mạc Thị Mạc', '1971-02-12 00:00:00', 'Mạc Thị Mạc', '1971-02-12 00:00:00'),
('41c2dce0-2c38-3bc6-16cf-9712082ff6cb', '301010301', 'Xe cứu thương', 15.0000, 0.0667, 'Trương Linh Trương', '1971-02-05 00:00:00', 'Trương Linh Trương', '1971-02-05 00:00:00'),
('4931f441-237d-4e19-9e0b-87ae14180c33', '3010103', 'Xe ôtô chuyên dùng', NULL, NULL, 'Trương Thị Trương', '1971-02-04 00:00:00', 'Trương Thị Trương', '1971-02-04 00:00:00'),
('4a4a8c90-2e57-215e-58be-406293204378', '202', 'Kè, đập, đê, cống, kênh, mương máng, bến cảng, ụ tàu', 20.0000, 0.0500, 'Trương Văn Trương', '1971-01-21 00:00:00', 'Trương Văn Trương', '1971-01-21 00:00:00'),
('4d759fc8-400f-6e8f-5bbe-406293204378', '301010306', 'Xe phun nước', 15.0000, 0.0667, 'Mai Phương Mai', '1971-02-10 00:00:00', 'Mai Phương Mai', '1971-02-10 00:00:00'),
('4fbf7ac2-4f95-259e-fd83-196123975cb2', '30101', 'Xe 4 đến 5 chỗ', 15.0000, 0.0667, 'Nông Văn Nông', '1971-01-29 00:00:00', 'Nông Văn Nông', '1971-01-29 00:00:00'),
('57a3f48f-1c1d-1f04-9e20-39c2f00615e8', '17', 'Lăng tẩm', NULL, NULL, 'Mạc Phương Mạc', '1971-01-16 00:00:00', 'Mạc Phương Mạc', '1971-01-16 00:00:00'),
('5c9f5f1a-6f5c-49cc-59be-406293204378', '3010101', 'Xe ôtô phục vụ chức danh', NULL, NULL, 'Trương Ánh Trương', '1971-01-30 00:00:00', 'Trương Ánh Trương', '1971-01-30 00:00:00'),
('5ee2ba7f-49ee-5b09-5cbe-406293204378', '301010314', 'Xe cần cẩu', 15.0000, 0.0667, 'Hà Ánh Hà', '1971-02-18 00:00:00', 'Hà Ánh Hà', '1971-02-18 00:00:00'),
('62a849b4-1145-4227-7009-bf1378b8dc91', '19', 'TSCĐ đặc thù khác', NULL, NULL, 'Trương Phương Trương', '1971-01-18 00:00:00', 'Trương Phương Trương', '1971-01-18 00:00:00'),
('64a59a25-2488-54b0-f6b4-c8af08a50cbf', 'MTB', 'Máy tính bàn', NULL, NULL, 'Scot Acker', '2023-01-10 06:08:26', 'Norris Calderon', '2022-08-28 02:05:02'),
('674934cc-42cf-20cf-1d4a-aea48a10ed18', 'ĐTDĐ', 'Điện thoại di động', NULL, NULL, 'Albert Mclean', '2022-09-28 14:23:15', 'Aileen Pitts', '2022-04-18 07:05:26'),
('6b47b37f-3123-3ce7-14cf-9712082ff6cb', '104', 'Nhà cấp III', 25.0000, 0.0400, 'Hà Ánh Hà', '1971-01-07 00:00:00', 'Hà Ánh Hà', '1971-01-07 00:00:00'),
('6c2d254c-51c8-2ac9-7409-bf1378b8dc91', '301010311', 'Xe thu phát điện báo', 15.0000, 0.0667, 'Mai Văn Mai', '1971-02-15 00:00:00', 'Mai Văn Mai', '1971-02-15 00:00:00'),
('6e98d16d-1cee-3d90-4d29-a2925c0f334d', '301010310', 'Xe trang bị phòng thí nghiệm', 15.0000, 0.0667, 'Tống Ánh Tống', '1971-02-14 00:00:00', 'Tống Ánh Tống', '1971-02-14 00:00:00'),
('749af78e-699e-5d1e-7109-bf1378b8dc91', '3', 'Xe ô tô', NULL, NULL, 'Nông Thị Nông', '1971-01-25 00:00:00', 'Nông Thị Nông', '1971-01-25 00:00:00'),
('749f165c-16de-4b32-86c0-08fd2f807219', '301010312', 'Xe sửa chữa điện', 15.0000, 0.0667, 'Nông Ánh Nông', '1971-02-16 00:00:00', 'Nông Ánh Nông', '1971-02-16 00:00:00'),
('7c94355d-4702-3a9b-5abe-406293204378', '301010302', 'Xe cứu hỏa', 15.0000, 0.0667, 'Mạc Văn Mạc', '1971-02-06 00:00:00', 'Mạc Văn Mạc', '1971-02-06 00:00:00'),
('7dbd90f6-6015-12c6-4b29-a2925c0f334d', '203', 'Kho chứa, bể chứa, bãi đỗ, sân phơi, trường bắn', 20.0000, 0.0500, 'Trương Văn Trương', '1971-01-22 00:00:00', 'Trương Văn Trương', '1971-01-22 00:00:00');

-- 
-- Dumping data for table department
--
INSERT INTO department VALUES
('11452b0c-768e-5ff7-0d63-eeb1d8ed8cef', 'PDT', 'Phòng Đào Tạo', 'Mai Ánh Minh', '1971-01-01 04:07:13', 'Trương Ánh Minh', '1990-08-20 11:59:36'),
('11f7089b-33e6-371a-f817-7000f455f3d5', 'TT', 'Trung tâm GDTX', 'Trương Ánh Minh', '1971-01-01 21:07:13', 'Trương Ánh Minh', '1990-08-21 04:59:36'),
('142cb08f-7c31-21fa-8e90-67245e8b284e', 'HT', 'Phòng Hội trường lớn', 'Nông Phương Mạnh', '1971-01-01 00:07:13', 'Tống Phương Hùng', '1990-08-20 07:59:36'),
('17120d02-6ab5-3e43-18cb-66948daf6128', 'PBT', 'Phòng Bổ túc', 'Nguyễn Ánh Ánh', '1971-01-01 03:07:13', 'Hà Phương Anh', '1990-08-20 10:59:36'),
('1ded3dd7-32db-5bc9-9190-67245e8b283e', 'PVT1', 'Phòng Vi tính1', 'Nguyễn Ánh Hương', '1971-01-01 19:07:13', 'Hà Linh Minh', '1990-08-21 02:59:36'),
('1f74cd3f-6de4-5324-0180-e8e2a817c80e', 'PHN3', 'Phòng Hướng nghiệp- May', 'Hà Ánh Cường', '1971-01-01 12:07:13', 'Hà Thị Mạnh', '1990-08-20 19:59:36'),
('284ccb05-337b-7e6f-9090-67245e8b283e', 'PTQ', 'Phòng Thủ quỹ', 'Trần Phương Anh', '1971-01-01 17:07:13', 'Nông Văn Cường', '1990-08-21 00:59:36'),
('2bbbd485-6df2-536a-7e32-6a1673ffca7c', 'PHC4', 'Phòng Hành chính-Lái xe', 'Hà Ánh Hương', '1971-01-01 09:07:13', 'Trần Ánh Ánh', '1990-08-20 16:59:36'),
('2dcedb9c-6c32-7d27-977d-e8c757976496', 'PNT', 'Phòng Nội trú', 'Hoàng Minh Hà', '1971-01-01 16:07:13', 'Mai Linh Ánh', '1990-08-20 23:59:36'),
('404fe340-1fd3-414b-aadb-e5d54223c257', 'PVT2', 'Phòng Vi tính 2', 'Trần Thị Cường', '1971-01-01 20:07:13', 'Nguyễn Văn Hương', '1990-08-21 03:59:36'),
('408d56c1-09f4-11ee-adf5-e86a64452dfa', 'HCTH', 'Hành chính tổng hợp', '', '2023-06-13 21:11:55', '', '2023-06-13 21:11:55'),
('408f7da7-09f4-11ee-adf5-e86a64452dfa', 'KT', 'Kế toán', '', '2023-06-13 21:11:55', '', '2023-06-13 21:11:55'),
('40910786-09f4-11ee-adf5-e86a64452dfa', 'IT1', 'Công nghệ thông tin', '', '2023-06-13 21:11:55', 'Tuấn Bùi', '2023-06-13 23:40:05'),
('4092569e-09f4-11ee-adf5-e86a64452dfa', 'NS', 'Nhân sự', '', '2023-06-13 21:11:55', '', '2023-06-13 21:11:55'),
('4577565a-7e3e-493a-74dd-867949feb8b5', 'PGD', 'Phòng Giám đốc', 'Hoàng Phương Mạnh', '1971-01-01 06:07:13', 'Hoàng Minh Anh', '1990-08-20 13:59:36'),
('469b3ece-744a-45d5-957d-e8c757976496', 'HTN', 'Phòng Hội trường họp', 'Hoàng Ánh Anh', '1971-01-01 01:07:13', 'Nông Phương Minh', '1990-08-20 08:59:36'),
('4760d71f-6e2f-5b32-19cb-66948daf6128', 'PHC5', 'Phòng Bảo vê', 'Nguyễn Thị Minh', '1971-01-01 10:07:13', 'Trương Văn Ánh', '1990-08-20 17:59:36'),
('4d7b21db-2e02-12b7-a9db-e5d54223c257', 'PTV', 'Phòng Thư viện', 'Trương Thị Hùng', '1971-01-01 18:07:13', 'Mạc Minh Mạnh', '1990-08-21 01:59:36'),
('4e272fc4-7875-78d6-7d32-6a1673ffca7c', 'KHO', 'Phòng Kho', 'Hà Thị Hùng', '1971-01-01 02:07:13', 'Mạc Thị Mạnh', '1990-08-20 09:59:36'),
('5660d465-6020-48f3-75dd-867949feb8b5', 'PKH', 'Phòng Khách', 'Tống Linh Hà', '1971-01-01 15:07:13', 'Trương Thị Minh', '1990-08-20 22:59:36'),
('59d19422-6657-452e-a7db-e5d54223c257', 'PHC2', 'Phòng Kế toán TS', 'Trương Ánh Minh', '1971-01-01 08:07:13', 'Nông Minh Minh', '1990-08-20 15:59:36'),
('5b2fcdf5-2050-7cb2-8f90-67245e8b283e', 'PHN2', 'Phòng Hướng nghiệp - Điện', 'Tống Ánh Hương', '1971-01-01 11:07:13', 'Trương Phương Cường', '1990-08-20 18:59:36'),
('68478414-705a-2626-5c92-08c864661f9c', 'PHN4', 'Phòng Hướng nghiệp- Nấu ăn', 'Hà Phương Mạnh', '1971-01-01 13:07:13', 'Tống Thị Anh', '1990-08-20 20:59:36'),
('7686595d-16d5-33b3-0080-e8e2a817c80e', 'PHC', 'Phòng Kế toán- Văn thư', 'Mạc Văn Mạnh', '1971-01-01 07:07:13', 'Trương Linh Cường', '1990-08-20 14:59:36'),
('768f8e64-7d10-20c9-967d-e8c757976496', 'PDT2', 'Phòng Đào tạo 2', 'Mai Thị Mạnh', '1971-01-01 05:07:13', 'Trương Ánh Minh', '1990-08-20 12:59:36'),
('7bec5682-21c4-666f-a8db-e5d54223c257', 'PHOC', 'Các phòng học', 'Trần Phương Ánh', '1971-01-01 14:07:13', 'Mai Minh Hùng', '1990-08-20 21:59:36'),
('bb5d2d5f-aa9f-4db1-a281-c09a2fbd59fa', 'PĐT', 'Phòng Đào tạo', NULL, '2023-08-22 11:26:12', NULL, '2023-08-22 11:26:12'),
('cbac0124-6be4-4eea-8958-e62a78145416', 'IT', 'Phòng Công nghệ thông tin', NULL, '2023-08-22 11:34:41', NULL, '2023-08-22 11:34:41');

-- 
-- Dumping data for table property
--
INSERT INTO property VALUES
('0229ddc6-58ca-432a-a50e-83e8c2ebe34a', 'AS-2223', 'Ghế', '142cb08f-7c31-21fa-8e90-67245e8b284e', '148ed882-32b8-218e-9c20-39c2f00615e8', '2021-05-11', 234444.0000, 1.0000, 2021, '(null)', '2023-07-12 09:37:55', '(null)', '2023-07-12 09:42:39', 0.3333, '2021-05-31', 3.0000, 78148.0000),
('0249091a-1d00-4071-beae-6b2ce88389f7', 'AS-0047', '2121', '11452b0c-768e-5ff7-0d63-eeb1d8ed8cef', '148ed882-32b8-218e-9c20-39c2f00615e8', '2023-09-10', 0.0000, 1.0000, 2023, NULL, '2023-09-10 16:12:25', NULL, '2023-09-10 16:12:25', 100.0000, '2023-09-10', 1.0000, 0.0000),
('047afb55-c07c-45d0-9e0a-4c2d9ec2e06f', 'AS-5043', 'Ghế', '142cb08f-7c31-21fa-8e90-67245e8b284e', '148ed882-32b8-218e-9c20-39c2f00615e8', '2021-05-11', 234444.0000, 1.0000, 2021, '(null)', '2023-07-12 09:45:48', '(null)', '2023-07-12 09:45:48', 0.3333, '2021-05-31', 3.0000, 78148.0000),
('06004bc6-9886-4135-8aeb-91716a3417c0', 'AS-2604', 'xe máy ', '142cb08f-7c31-21fa-8e90-67245e8b284e', '15cb3909-1246-2add-33de-23e177779933', '2021-05-11', 40000000.0000, 1.0000, 2021, '(null)', '2023-07-12 09:45:31', '(null)', '2023-07-12 09:45:31', 0.3333, '2021-05-31', 3.0000, 13333333.0000),
('07578d27-2a01-43e3-aee8-c447d2a21669', 'AS-1152', 'xe máy ', '142cb08f-7c31-21fa-8e90-67245e8b284e', '15cb3909-1246-2add-33de-23e177779933', '2021-05-11', 40000000.0000, 1.0000, 2021, '(null)', '2023-07-12 09:45:42', '(null)', '2023-07-12 09:45:42', 0.3333, '2021-05-31', 3.0000, 13333333.0000),
('079bc47b-ee61-472f-81c6-00ccd5df08d2', 'AS-1350', 'xe máy ', '142cb08f-7c31-21fa-8e90-67245e8b284e', '15cb3909-1246-2add-33de-23e177779933', '2021-05-11', 40000000.0000, 1.0000, 2021, '(null)', '2023-07-12 09:36:26', '(null)', '2023-07-12 09:45:25', 0.3333, '2021-05-31', 3.0000, 13333333.0000),
('0d20a0c6-d607-4122-b98c-817efe0215fa', 'AS-0241', 'Ôtô', '142cb08f-7c31-21fa-8e90-67245e8b284e', '26de5798-48e1-14d3-9f0b-87ae14180c37', '2021-05-11', 223444422.0000, 1.0000, 2021, '(null)', '2023-07-12 09:36:37', '(null)', '2023-07-12 09:42:58', 0.0007, '2021-05-31', 15.0000, 156411.0000),
('120e0990-d250-419b-a8ef-cc13d86c353c', 'AS-0043', 'Ôtô', '142cb08f-7c31-21fa-8e90-67245e8b284e', '26de5798-48e1-14d3-9f0b-87ae14180c37', '2021-05-11', 34444.0000, 1.0000, 2021, '(null)', '2023-07-12 09:45:50', '(null)', '2023-07-12 09:45:50', 0.0007, '2021-05-31', 15.0000, 23.0000),
('14c9ddde-4d6a-43f6-a0ae-8a7412fdba1f', 'AS-3310', 'Ôtô', '142cb08f-7c31-21fa-8e90-67245e8b284e', '26de5798-48e1-14d3-9f0b-87ae14180c37', '2021-05-11', 34444.0000, 1.0000, 2021, '(null)', '2023-07-12 09:43:09', '(null)', '2023-07-12 09:43:09', 0.0007, '2021-05-31', 15.0000, 23.0000),
('16a3c292-7105-4349-afe6-123e55e9c487', 'AS-2753', 'xe máy ', '142cb08f-7c31-21fa-8e90-67245e8b284e', '15cb3909-1246-2add-33de-23e177779933', '2021-05-11', 40000000.0000, 1.0000, 2021, '(null)', '2023-07-12 09:45:38', '(null)', '2023-07-12 09:45:38', 0.3333, '2021-05-31', 3.0000, 13333333.0000),
('1742934d-ef00-4912-928a-2873d4005ee7', 'AS-4320', 'Ôtô', '142cb08f-7c31-21fa-8e90-67245e8b284e', '26de5798-48e1-14d3-9f0b-87ae14180c37', '2021-05-11', 223444422.0000, 1.0000, 2021, '(null)', '2023-07-12 09:45:46', '(null)', '2023-07-12 09:45:46', 0.0007, '2021-05-31', 15.0000, 156411.0000),
('19825a45-a315-482f-89ad-ee22b24a9926', 'AS-4153', 'Ôtô', '142cb08f-7c31-21fa-8e90-67245e8b284e', '26de5798-48e1-14d3-9f0b-87ae14180c37', '2021-05-11', 34444.0000, 1.0000, 2021, '(null)', '2023-07-12 09:45:50', '(null)', '2023-07-12 09:45:50', 0.0007, '2021-05-31', 15.0000, 23.0000),
('1aad6408-2746-4025-9119-ee7116c87ce6', 'AS-4522', 'Ôtô', '142cb08f-7c31-21fa-8e90-67245e8b284e', '26de5798-48e1-14d3-9f0b-87ae14180c37', '2021-05-11', 223444422.0000, 1.0000, 2021, '(null)', '2023-07-12 09:45:46', '(null)', '2023-07-12 09:45:46', 0.0007, '2021-05-31', 15.0000, 156411.0000),
('1ab90e06-308d-4bd0-a9c2-24c86db6f230', 'AS-2104', 'Ôtô', '142cb08f-7c31-21fa-8e90-67245e8b284e', '26de5798-48e1-14d3-9f0b-87ae14180c37', '2021-05-11', 223444422.0000, 1.0000, 2021, '(null)', '2023-07-12 09:36:37', '(null)', '2023-07-12 09:42:58', 0.0007, '2021-05-31', 15.0000, 156411.0000),
('1f28da69-58d5-4b60-a7cd-d76ef803f345', 'AS-4360', 'Ghế', '142cb08f-7c31-21fa-8e90-67245e8b284e', '148ed882-32b8-218e-9c20-39c2f00615e8', '2021-05-11', 234444.0000, 1.0000, 2021, '(null)', '2023-07-12 09:37:55', '(null)', '2023-07-12 09:42:39', 0.3333, '2021-05-31', 3.0000, 78148.0000),
('200068bd-164d-4357-b3a2-8cba06fa40a6', 'AS-2740', 'xe máy ', '142cb08f-7c31-21fa-8e90-67245e8b284e', '15cb3909-1246-2add-33de-23e177779933', '2021-05-11', 40000000.0000, 1.0000, 2021, '(null)', '2023-07-12 09:45:31', '(null)', '2023-07-12 09:45:31', 0.3333, '2021-05-31', 3.0000, 13333333.0000),
('29d48591-5153-4e25-8e9c-4bbae766d520', 'AS-4120', 'Ôtô', '142cb08f-7c31-21fa-8e90-67245e8b284e', '26de5798-48e1-14d3-9f0b-87ae14180c37', '2021-05-11', 34444.0000, 1.0000, 2021, '(null)', '2023-07-12 09:45:50', '(null)', '2023-07-12 09:45:50', 0.0007, '2021-05-31', 15.0000, 23.0000),
('2b97c93c-aaf1-4db0-a468-13ee55c38d33', 'AS-1441', 'Ôtô', '142cb08f-7c31-21fa-8e90-67245e8b284e', '26de5798-48e1-14d3-9f0b-87ae14180c37', '2021-05-11', 223444422.0000, 1.0000, 2021, '(null)', '2023-07-12 09:36:37', '(null)', '2023-07-12 09:42:58', 0.0007, '2021-05-31', 15.0000, 156411.0000),
('2e58103a-da92-40e8-94fe-9a2f09bf5079', 'AS-0552', 'Ghế', '142cb08f-7c31-21fa-8e90-67245e8b284e', '148ed882-32b8-218e-9c20-39c2f00615e8', '2021-05-11', 234444.0000, 1.0000, 2021, '(null)', '2023-07-12 09:37:55', '(null)', '2023-07-12 09:42:39', 0.3333, '2021-05-31', 3.0000, 78148.0000),
('2edf7b13-26b0-4327-b94c-548f217c3564', 'AS-1666', 'Ôtô', '142cb08f-7c31-21fa-8e90-67245e8b284e', '26de5798-48e1-14d3-9f0b-87ae14180c37', '2021-05-11', 223444422.0000, 1.0000, 2021, '(null)', '2023-07-12 09:36:37', '(null)', '2023-07-12 09:42:58', 0.0007, '2021-05-31', 15.0000, 156411.0000),
('3130f8d7-018a-42d8-9c9d-2935e173f45e', 'AS-0231', 'xe máy ', '142cb08f-7c31-21fa-8e90-67245e8b284e', '15cb3909-1246-2add-33de-23e177779933', '2021-05-11', 40000000.0000, 1.0000, 2021, '(null)', '2023-07-12 09:36:26', '(null)', '2023-07-12 09:45:25', 0.3333, '2021-05-31', 3.0000, 13333333.0000),
('319d3348-7508-4be2-850e-b449d9df88a6', 'AS-0243', 'xe máy ', '142cb08f-7c31-21fa-8e90-67245e8b284e', '15cb3909-1246-2add-33de-23e177779933', '2021-05-11', 40000000.0000, 1.0000, 2021, '(null)', '2023-07-12 09:45:38', '(null)', '2023-07-12 09:45:38', 0.3333, '2021-05-31', 3.0000, 13333333.0000),
('355309b4-62ec-49b5-9a9c-822cebc464c5', 'AS-1414', 'xe máy ', '142cb08f-7c31-21fa-8e90-67245e8b284e', '15cb3909-1246-2add-33de-23e177779933', '2021-05-11', 40000000.0000, 1.0000, 2021, '(null)', '2023-07-12 09:45:34', '(null)', '2023-07-12 09:45:34', 0.3333, '2021-05-31', 3.0000, 13333333.0000),
('35ffe6e7-9384-440a-9942-85990f65dac9', 'AS-0016', 'Ôtô', '142cb08f-7c31-21fa-8e90-67245e8b284e', '26de5798-48e1-14d3-9f0b-87ae14180c37', '2021-05-11', 223444422.0000, 1.0000, 2021, '(null)', '2023-07-12 09:45:44', '(null)', '2023-07-12 09:45:44', 0.0007, '2021-05-31', 15.0000, 156411.0000),
('37b00290-7a71-413f-9f1e-ed51f5740844', 'AS-2524', 'Ôtô', '142cb08f-7c31-21fa-8e90-67245e8b284e', '26de5798-48e1-14d3-9f0b-87ae14180c37', '2021-05-11', 34444.0000, 1.0000, 2021, '(null)', '2023-07-12 09:45:50', '(null)', '2023-07-12 09:45:50', 0.0007, '2021-05-31', 15.0000, 23.0000),
('3807532c-ea07-4d59-ae40-cd519e1d2e0f', 'AS-0011', 'Ôtô', '142cb08f-7c31-21fa-8e90-67245e8b284e', '26de5798-48e1-14d3-9f0b-87ae14180c37', '2021-05-11', 223444422.0000, 1.0000, 2021, '(null)', '2023-07-12 09:45:44', '(null)', '2023-07-12 09:45:44', 0.0007, '2021-05-31', 15.0000, 156411.0000),
('390157ab-545e-45b1-b6fd-fd338f23abee', 'AS-0010', 'Ghế', '142cb08f-7c31-21fa-8e90-67245e8b284e', '148ed882-32b8-218e-9c20-39c2f00615e8', '2021-05-11', 234444.0000, 1.0000, 2021, '(null)', '2023-07-12 09:37:55', '(null)', '2023-07-12 09:42:39', 0.3333, '2021-05-31', 3.0000, 78148.0000),
('3ad47dc0-123b-49ac-92b8-be7581350955', 'AS-4337', 'xe máy ', '142cb08f-7c31-21fa-8e90-67245e8b284e', '15cb3909-1246-2add-33de-23e177779933', '2021-05-11', 40000000.0000, 1.0000, 2021, '(null)', '2023-07-12 09:45:34', '(null)', '2023-07-12 09:45:34', 0.3333, '2021-05-31', 3.0000, 13333333.0000),
('3c078885-e0f7-4d0b-81ef-72915cc2edfc', 'AS-4103', 'Ôtô', '142cb08f-7c31-21fa-8e90-67245e8b284e', '26de5798-48e1-14d3-9f0b-87ae14180c37', '2021-05-11', 34444.0000, 1.0000, 2021, '(null)', '2023-07-12 09:44:34', '(null)', '2023-07-12 09:44:34', 0.0007, '2021-05-31', 15.0000, 23.0000),
('3c5305f0-07a4-4d58-a443-09a3241f0f6b', 'AS-1138', 'xe máy ', '142cb08f-7c31-21fa-8e90-67245e8b284e', '15cb3909-1246-2add-33de-23e177779933', '2021-05-11', 40000000.0000, 1.0000, 2021, '(null)', '2023-07-12 09:36:26', '(null)', '2023-07-12 09:45:25', 0.3333, '2021-05-31', 3.0000, 13333333.0000),
('3de71e4d-2ba0-483e-912e-0555cd2b266c', 'AS-4300', 'Ôtô', '142cb08f-7c31-21fa-8e90-67245e8b284e', '26de5798-48e1-14d3-9f0b-87ae14180c37', '2021-05-11', 223444422.0000, 1.0000, 2021, '(null)', '2023-07-12 09:36:37', '(null)', '2023-07-12 09:42:58', 0.0007, '2021-05-31', 15.0000, 156411.0000),
('3e085d1e-9969-46cb-a0d8-0e8b8f12e97f', 'AS-0176', 'Ôtô', '142cb08f-7c31-21fa-8e90-67245e8b284e', '26de5798-48e1-14d3-9f0b-87ae14180c37', '2021-05-11', 223444422.0000, 1.0000, 2021, '(null)', '2023-07-12 09:45:46', '(null)', '2023-07-12 09:45:46', 0.0007, '2021-05-31', 15.0000, 156411.0000),
('3ff5ed7c-d462-4fe0-a43e-77d9692a29d4', 'AS-3100', 'Ôtô', '142cb08f-7c31-21fa-8e90-67245e8b284e', '26de5798-48e1-14d3-9f0b-87ae14180c37', '2021-05-11', 223444422.0000, 1.0000, 2021, '(null)', '2023-07-12 09:45:44', '(null)', '2023-07-12 09:45:44', 0.0007, '2021-05-31', 15.0000, 156411.0000),
('411d287d-6734-406f-9ccd-e48103670867', 'AS-2112', 'Ôtô', '142cb08f-7c31-21fa-8e90-67245e8b284e', '26de5798-48e1-14d3-9f0b-87ae14180c37', '2021-05-11', 34444.0000, 1.0000, 2021, '(null)', '2023-07-12 09:43:09', '(null)', '2023-07-12 09:43:09', 0.0007, '2021-05-31', 15.0000, 23.0000),
('429cc46f-8ddb-43e9-97cd-98e6494a8729', 'AS-0703', 'Ôtô', '142cb08f-7c31-21fa-8e90-67245e8b284e', '26de5798-48e1-14d3-9f0b-87ae14180c37', '2021-05-11', 34444.0000, 1.0000, 2021, '(null)', '2023-07-12 09:44:34', '(null)', '2023-07-12 09:44:34', 0.0007, '2021-05-31', 15.0000, 23.0000),
('42df97b1-4637-4811-8fab-d2150a5671d9', 'AS-3135', 'Ôtô', '142cb08f-7c31-21fa-8e90-67245e8b284e', '26de5798-48e1-14d3-9f0b-87ae14180c37', '2021-05-11', 333444433.0000, 1.0000, 2021, '(null)', '2023-07-12 09:38:24', '(null)', '2023-07-12 09:42:29', 0.0007, '2021-05-31', 15.0000, 233411.0000),
('43531d3c-211f-423a-ba04-87fc729f65dd', 'AS-1105', 'xe máy ', '142cb08f-7c31-21fa-8e90-67245e8b284e', '15cb3909-1246-2add-33de-23e177779933', '2021-05-11', 40000000.0000, 1.0000, 2021, '(null)', '2023-07-12 09:36:26', '(null)', '2023-07-12 09:45:25', 0.3333, '2021-05-31', 3.0000, 13333333.0000),
('44bc58af-6201-42d1-b80f-dd34b70bc2cb', 'AS-0104', 'Ôtô', '142cb08f-7c31-21fa-8e90-67245e8b284e', '26de5798-48e1-14d3-9f0b-87ae14180c37', '2021-05-11', 223444422.0000, 1.0000, 2021, '(null)', '2023-07-12 09:45:46', '(null)', '2023-07-12 09:45:46', 0.0007, '2021-05-31', 15.0000, 156411.0000),
('45280d86-5505-402b-8a44-8383d13167bc', 'AS-2764', 'xe máy ', '142cb08f-7c31-21fa-8e90-67245e8b284e', '15cb3909-1246-2add-33de-23e177779933', '2021-05-11', 40000000.0000, 1.0000, 2021, '(null)', '2023-07-12 09:45:42', '(null)', '2023-07-12 09:45:42', 0.3333, '2021-05-31', 3.0000, 13333333.0000),
('461a5a2d-5bfc-4a0e-bc1d-0f7929015932', 'AS-0030', 'Ôtô', '142cb08f-7c31-21fa-8e90-67245e8b284e', '26de5798-48e1-14d3-9f0b-87ae14180c37', '2021-05-11', 34444.0000, 1.0000, 2021, '(null)', '2023-07-12 09:44:34', '(null)', '2023-07-12 09:44:34', 0.0007, '2021-05-31', 15.0000, 23.0000),
('4a9387db-5e3e-4368-b3ba-c897a990a74a', 'AS-2534', 'Ôtô', '142cb08f-7c31-21fa-8e90-67245e8b284e', '26de5798-48e1-14d3-9f0b-87ae14180c37', '2021-05-11', 34444.0000, 1.0000, 2021, '(null)', '2023-07-12 09:43:09', '(null)', '2023-07-12 09:43:09', 0.0007, '2021-05-31', 15.0000, 23.0000),
('4ad79460-9763-4a8c-a00d-4c3994c6440c', 'AS-2145', 'Ghế', '142cb08f-7c31-21fa-8e90-67245e8b284e', '148ed882-32b8-218e-9c20-39c2f00615e8', '2021-05-11', 234444.0000, 1.0000, 2021, '(null)', '2023-07-12 09:45:48', '(null)', '2023-07-12 09:45:48', 0.3333, '2021-05-31', 3.0000, 78148.0000),
('4d7831ee-9b08-41a0-9ccf-23dcdf8e6f06', 'AS-0046', 'xe máy ', '142cb08f-7c31-21fa-8e90-67245e8b284e', '15cb3909-1246-2add-33de-23e177779933', '2021-05-11', 40000000.0000, 1.0000, 2021, NULL, '2023-08-23 19:51:56', NULL, '2023-08-23 19:51:56', 33.3300, '2021-05-31', 3.0000, 13332000.0000),
('4fb6b980-57ed-46af-a841-c32dd0f116b4', 'AS-0125', 'Ghế', '142cb08f-7c31-21fa-8e90-67245e8b284e', '148ed882-32b8-218e-9c20-39c2f00615e8', '2021-05-11', 234444.0000, 1.0000, 2021, '(null)', '2023-07-12 09:37:55', '(null)', '2023-07-12 09:42:39', 0.3333, '2021-05-31', 3.0000, 78148.0000),
('537fd3f5-3ba0-4f50-8ea7-af3898bdbacc', 'AS-3544', 'Ôtô', '142cb08f-7c31-21fa-8e90-67245e8b284e', '26de5798-48e1-14d3-9f0b-87ae14180c37', '2021-05-11', 223444422.0000, 1.0000, 2021, '(null)', '2023-07-12 09:36:37', '(null)', '2023-07-12 09:42:58', 0.0007, '2021-05-31', 15.0000, 156411.0000),
('54a819f4-b7f7-41fb-a81c-b68b58dd3e5c', 'AS-3142', 'Ôtô', '142cb08f-7c31-21fa-8e90-67245e8b284e', '26de5798-48e1-14d3-9f0b-87ae14180c37', '2021-05-11', 333444433.0000, 1.0000, 2021, '(null)', '2023-07-12 09:38:24', '(null)', '2023-07-12 09:42:29', 0.0007, '2021-05-31', 15.0000, 233411.0000),
('54ad9e89-18d5-48a8-bdeb-6d37bc8abb6d', 'AS-4253', 'Ghế', '142cb08f-7c31-21fa-8e90-67245e8b284e', '148ed882-32b8-218e-9c20-39c2f00615e8', '2021-05-11', 234444.0000, 1.0000, 2021, '(null)', '2023-07-12 09:37:55', '(null)', '2023-07-12 09:42:39', 0.3333, '2021-05-31', 3.0000, 78148.0000),
('553f0adb-34f9-4f49-bef6-03003c62364f', 'AS-4445', 'xe máy ', '142cb08f-7c31-21fa-8e90-67245e8b284e', '15cb3909-1246-2add-33de-23e177779933', '2021-05-11', 40000000.0000, 1.0000, 2021, '(null)', '2023-07-12 09:45:42', '(null)', '2023-07-12 09:45:42', 0.3333, '2021-05-31', 3.0000, 13333333.0000),
('5a3bba5e-3e32-448f-904d-ac71ead6b7c7', 'AS-4680', 'Ôtô', '142cb08f-7c31-21fa-8e90-67245e8b284e', '26de5798-48e1-14d3-9f0b-87ae14180c37', '2021-05-11', 223444422.0000, 1.0000, 2021, '(null)', '2023-07-12 09:45:46', '(null)', '2023-07-12 09:45:46', 0.0007, '2021-05-31', 15.0000, 156411.0000),
('5fc44196-cbb5-43a6-9543-5da30231c422', 'AS-2558', 'xe máy ', '142cb08f-7c31-21fa-8e90-67245e8b284e', '15cb3909-1246-2add-33de-23e177779933', '2021-05-11', 40000000.0000, 1.0000, 2021, '(null)', '2023-07-12 09:45:42', '(null)', '2023-07-12 09:45:42', 0.3333, '2021-05-31', 3.0000, 13333333.0000),
('606c1e6f-defe-4587-b00a-0905550e3108', 'AS-2206', 'Ôtô', '142cb08f-7c31-21fa-8e90-67245e8b284e', '26de5798-48e1-14d3-9f0b-87ae14180c37', '2021-05-11', 34444.0000, 1.0000, 2021, '(null)', '2023-07-12 09:44:34', '(null)', '2023-07-12 09:44:34', 0.0007, '2021-05-31', 15.0000, 23.0000),
('680eb3df-5e9f-4044-92b4-de81a89c4982', 'AS-3712', 'xe máy ', '142cb08f-7c31-21fa-8e90-67245e8b284e', '15cb3909-1246-2add-33de-23e177779933', '2021-05-11', 40000000.0000, 1.0000, 2021, '(null)', '2023-07-12 09:36:26', '(null)', '2023-07-12 09:45:25', 0.3333, '2021-05-31', 3.0000, 13333333.0000),
('690dd42b-a8ec-4ed4-abe4-094c283d56ef', 'AS-0048', '2121', '11452b0c-768e-5ff7-0d63-eeb1d8ed8cef', '12437806-26ac-3517-9c0b-87ae14180c33', '2023-09-10', 0.0000, 1.0000, 2023, NULL, '2023-09-10 16:31:33', NULL, '2023-09-10 16:31:33', 100.0000, '2023-09-10', 1.0000, 0.0000),
('6a1d9618-fccc-4446-8912-8a0d695305f8', 'AS-1130', 'xe máy ', '142cb08f-7c31-21fa-8e90-67245e8b284e', '15cb3909-1246-2add-33de-23e177779933', '2021-05-11', 40000000.0000, 1.0000, 2021, '(null)', '2023-07-12 09:45:42', '(null)', '2023-07-12 09:45:42', 0.3333, '2021-05-31', 3.0000, 13333333.0000),
('6aea5587-05a9-4b65-b2cc-5bc8ada338ea', 'AS-0801', 'Ôtô', '142cb08f-7c31-21fa-8e90-67245e8b284e', '26de5798-48e1-14d3-9f0b-87ae14180c37', '2021-05-11', 333444433.0000, 1.0000, 2021, '(null)', '2023-07-12 09:38:24', '(null)', '2023-07-12 09:42:29', 0.0007, '2021-05-31', 15.0000, 233411.0000),
('6ca4a3dd-5770-4246-a2db-963533df214e', 'AS-0133', 'Ôtô', '142cb08f-7c31-21fa-8e90-67245e8b284e', '26de5798-48e1-14d3-9f0b-87ae14180c37', '2021-05-11', 34444.0000, 1.0000, 2021, '(null)', '2023-07-12 09:44:34', '(null)', '2023-07-12 09:44:34', 0.0007, '2021-05-31', 15.0000, 23.0000),
('6fb4ce55-1766-49d1-8494-a916833291cc', 'AS-6031', '1221', '11452b0c-768e-5ff7-0d63-eeb1d8ed8cef', '12437806-26ac-3517-9c0b-87ae14180c33', '2023-09-12', 100000.0000, 1.0000, 2023, NULL, '2023-09-12 15:26:25', NULL, '2023-09-12 15:26:35', 10.0000, '2023-09-12', 10.0000, 10000.0000),
('6fc78d47-3abd-4841-8fc5-10d3bc3cc3c9', 'AS-3601', 'xe máy ', '142cb08f-7c31-21fa-8e90-67245e8b284e', '15cb3909-1246-2add-33de-23e177779933', '2021-05-11', 40000000.0000, 1.0000, 2021, '(null)', '2023-07-12 09:45:34', '(null)', '2023-07-12 09:45:34', 0.3333, '2021-05-31', 3.0000, 13333333.0000),
('79fdfe8d-1a97-47a6-8236-d535f2ab33b6', 'AS-0104', 'Ôtô', '142cb08f-7c31-21fa-8e90-67245e8b284e', '26de5798-48e1-14d3-9f0b-87ae14180c37', '2021-05-11', 34444.0000, 1.0000, 2021, '(null)', '2023-07-12 09:45:50', '(null)', '2023-07-12 09:45:50', 0.0007, '2021-05-31', 15.0000, 23.0000),
('7a9acc0d-521f-4190-bc66-719910a17f8e', 'AS-6030', 'Ôtô', '142cb08f-7c31-21fa-8e90-67245e8b284e', '26de5798-48e1-14d3-9f0b-87ae14180c37', '2021-05-11', 34444.0000, 1.0000, 2021, '(null)', '2023-07-12 09:44:34', NULL, '2023-09-11 21:45:09', 50.0000, '2021-05-31', 2.0000, 17222.0000),
('7d8e5f72-aab3-4905-bf25-4bed6bfa2a81', 'AS-4033', 'xe máy ', '142cb08f-7c31-21fa-8e90-67245e8b284e', '15cb3909-1246-2add-33de-23e177779933', '2021-05-11', 40000000.0000, 1.0000, 2021, '(null)', '2023-07-12 09:36:26', '(null)', '2023-07-12 09:45:25', 0.3333, '2021-05-31', 3.0000, 13333333.0000),
('7dec6cad-f22d-4418-9531-1a722adcdcf9', 'AS-2524', 'xe máy ', '142cb08f-7c31-21fa-8e90-67245e8b284e', '15cb3909-1246-2add-33de-23e177779933', '2021-05-11', 40000000.0000, 1.0000, 2021, '(null)', '2023-07-12 09:45:31', '(null)', '2023-07-12 09:45:31', 0.3333, '2021-05-31', 3.0000, 13333333.0000),
('7f0b6d6a-3304-41af-acbb-d23080a9c9ca', 'AS-4403', 'Ghế', '142cb08f-7c31-21fa-8e90-67245e8b284e', '148ed882-32b8-218e-9c20-39c2f00615e8', '2021-05-11', 234444.0000, 1.0000, 2021, '(null)', '2023-07-12 09:37:55', '(null)', '2023-07-12 09:42:39', 0.3333, '2021-05-31', 3.0000, 78148.0000),
('7faee45d-54f6-4eae-902e-415fd7a4e782', 'AS-3131', 'Ôtô', '142cb08f-7c31-21fa-8e90-67245e8b284e', '26de5798-48e1-14d3-9f0b-87ae14180c37', '2021-05-11', 333444433.0000, 1.0000, 2021, '(null)', '2023-07-12 09:38:24', '(null)', '2023-07-12 09:42:29', 0.0007, '2021-05-31', 15.0000, 233411.0000),
('82acf77e-8062-4fdf-97a2-b4cd08e7a6a1', 'AS-1334', 'xe máy ', '142cb08f-7c31-21fa-8e90-67245e8b284e', '15cb3909-1246-2add-33de-23e177779933', '2021-05-11', 40000000.0000, 1.0000, 2021, '(null)', '2023-07-12 09:45:34', '(null)', '2023-07-12 09:45:34', 0.3333, '2021-05-31', 3.0000, 13333333.0000),
('841ff8e7-e989-439d-85a0-06379e496cc0', 'AS-3344', 'Ôtô', '142cb08f-7c31-21fa-8e90-67245e8b284e', '26de5798-48e1-14d3-9f0b-87ae14180c37', '2021-05-11', 223444422.0000, 1.0000, 2021, '(null)', '2023-07-12 09:45:44', '(null)', '2023-07-12 09:45:44', 0.0007, '2021-05-31', 15.0000, 156411.0000),
('8523aea9-8ead-4588-b90b-cc9e15080d13', 'AS-2821', 'xe máy ', '142cb08f-7c31-21fa-8e90-67245e8b284e', '15cb3909-1246-2add-33de-23e177779933', '2021-05-11', 40000000.0000, 1.0000, 2021, '(null)', '2023-07-12 09:45:31', '(null)', '2023-07-12 09:45:31', 0.3333, '2021-05-31', 3.0000, 13333333.0000),
('85b1914d-916c-4e1f-a478-64388888e1ab', 'AS-3540', 'xe máy ', '142cb08f-7c31-21fa-8e90-67245e8b284e', '15cb3909-1246-2add-33de-23e177779933', '2021-05-11', 40000000.0000, 1.0000, 2021, '(null)', '2023-07-12 09:36:26', '(null)', '2023-07-12 09:45:25', 0.3333, '2021-05-31', 3.0000, 13333333.0000),
('88dd58a9-eab4-46ef-9511-c3de90a36e3c', 'AS-4555', 'xe máy ', '142cb08f-7c31-21fa-8e90-67245e8b284e', '15cb3909-1246-2add-33de-23e177779933', '2021-05-11', 40000000.0000, 1.0000, 2021, '(null)', '2023-07-12 09:45:31', '(null)', '2023-07-12 09:45:31', 0.3333, '2021-05-31', 3.0000, 13333333.0000),
('8956cdfb-604c-48b9-a31e-0ea4673fe60e', 'AS-1531', 'xe máy ', '142cb08f-7c31-21fa-8e90-67245e8b284e', '15cb3909-1246-2add-33de-23e177779933', '2021-05-11', 40000000.0000, 1.0000, 2021, '(null)', '2023-07-12 09:45:34', '(null)', '2023-07-12 09:45:34', 0.3333, '2021-05-31', 3.0000, 13333333.0000),
('89c71cb2-8576-4467-9c36-4c219117ec4a', 'AS-1523', 'Ghế', '142cb08f-7c31-21fa-8e90-67245e8b284e', '148ed882-32b8-218e-9c20-39c2f00615e8', '2021-05-11', 234444.0000, 1.0000, 2021, '(null)', '2023-07-12 09:37:55', '(null)', '2023-07-12 09:42:39', 0.3333, '2021-05-31', 3.0000, 78148.0000),
('8be3859d-dd32-480c-958b-1a46c7d966ee', 'AS-0503', 'xe máy ', '142cb08f-7c31-21fa-8e90-67245e8b284e', '15cb3909-1246-2add-33de-23e177779933', '2021-05-11', 40000000.0000, 1.0000, 2021, '(null)', '2023-07-12 09:45:38', '(null)', '2023-07-12 09:45:38', 0.3333, '2021-05-31', 3.0000, 13333333.0000),
('8cb6b104-0ac6-4a2b-9fc4-3da89bb4b0c2', 'AS-2563', 'Ôtô', '142cb08f-7c31-21fa-8e90-67245e8b284e', '26de5798-48e1-14d3-9f0b-87ae14180c37', '2021-05-11', 34444.0000, 1.0000, 2021, '(null)', '2023-07-12 09:43:09', '(null)', '2023-07-12 09:43:09', 0.0007, '2021-05-31', 15.0000, 23.0000),
('8e1eab5b-02fc-4452-afbf-5ac4f0ba613b', 'AS-5114', 'Ôtô', '142cb08f-7c31-21fa-8e90-67245e8b284e', '26de5798-48e1-14d3-9f0b-87ae14180c37', '2021-05-11', 223444422.0000, 1.0000, 2021, '(null)', '2023-07-12 09:36:37', '(null)', '2023-07-12 09:42:58', 0.0007, '2021-05-31', 15.0000, 156411.0000),
('8e4276b8-f51a-432c-898f-f7e36343b8cc', 'AS-0044', 'ewyyewyew1', '11452b0c-768e-5ff7-0d63-eeb1d8ed8cef', '12437806-26ac-3517-9c0b-87ae14180c33', '2023-07-17', 100000.0000, 1.0000, 2023, NULL, '2023-07-17 10:57:07', NULL, '2023-07-17 22:01:35', 10.0000, '2023-07-17', 10.0000, 10000.0000),
('8ebb773f-7d7f-43d4-9fe1-3955bb87c382', 'AS-1237', 'Ôtô', '142cb08f-7c31-21fa-8e90-67245e8b284e', '26de5798-48e1-14d3-9f0b-87ae14180c37', '2021-05-11', 223444422.0000, 1.0000, 2021, '(null)', '2023-07-12 09:45:44', '(null)', '2023-07-12 09:45:44', 0.0007, '2021-05-31', 15.0000, 156411.0000),
('8f0ad1e5-27e4-4c0a-817f-24f261b1f787', 'AS-3422', 'Ghế', '142cb08f-7c31-21fa-8e90-67245e8b284e', '148ed882-32b8-218e-9c20-39c2f00615e8', '2021-05-11', 234444.0000, 1.0000, 2021, '(null)', '2023-07-12 09:45:48', '(null)', '2023-07-12 09:45:48', 0.3333, '2021-05-31', 3.0000, 78148.0000),
('92dce3e8-d93d-4daa-8708-6a272564d8b8', 'AS-2324', 'Ôtô', '142cb08f-7c31-21fa-8e90-67245e8b284e', '26de5798-48e1-14d3-9f0b-87ae14180c37', '2021-05-11', 223444422.0000, 1.0000, 2021, '(null)', '2023-07-12 09:45:44', '(null)', '2023-07-12 09:45:44', 0.0007, '2021-05-31', 15.0000, 156411.0000),
('933e4efa-ec42-466d-9617-a2eb0176212b', 'AS-0103', 'Ôtô', '142cb08f-7c31-21fa-8e90-67245e8b284e', '26de5798-48e1-14d3-9f0b-87ae14180c37', '2021-05-11', 34444.0000, 1.0000, 2021, '(null)', '2023-07-12 09:44:34', '(null)', '2023-07-12 09:44:34', 0.0007, '2021-05-31', 15.0000, 23.0000),
('937cd3a3-af71-4ce9-ba4d-81bd166cf6d3', 'AS-5120', 'Ôtô', '142cb08f-7c31-21fa-8e90-67245e8b284e', '26de5798-48e1-14d3-9f0b-87ae14180c37', '2021-05-11', 333444433.0000, 1.0000, 2021, '(null)', '2023-07-12 09:38:24', '(null)', '2023-07-12 09:42:29', 0.0007, '2021-05-31', 15.0000, 233411.0000),
('95486f6e-98cc-4097-9ba2-99332ca0ca61', 'AS-3448', 'Ôtô', '142cb08f-7c31-21fa-8e90-67245e8b284e', '26de5798-48e1-14d3-9f0b-87ae14180c37', '2021-05-11', 333444433.0000, 1.0000, 2021, '(null)', '2023-07-12 09:38:24', '(null)', '2023-07-12 09:42:29', 0.0007, '2021-05-31', 15.0000, 233411.0000),
('96694b51-44c0-4751-9368-92c68337f1d3', 'AS-2252', 'Ghế', '142cb08f-7c31-21fa-8e90-67245e8b284e', '148ed882-32b8-218e-9c20-39c2f00615e8', '2021-05-11', 234444.0000, 1.0000, 2021, '(null)', '2023-07-12 09:37:55', '(null)', '2023-07-12 09:42:39', 0.3333, '2021-05-31', 3.0000, 78148.0000),
('982ab7ff-20a0-4d2d-878b-60aa0009f8e8', 'AS-2453', 'xe máy ', '142cb08f-7c31-21fa-8e90-67245e8b284e', '15cb3909-1246-2add-33de-23e177779933', '2021-05-11', 40000000.0000, 1.0000, 2021, '(null)', '2023-07-12 09:45:38', '(null)', '2023-07-12 09:45:38', 0.3333, '2021-05-31', 3.0000, 13333333.0000),
('9a3a7af3-aeb8-4f49-8daa-9996089cd849', 'AS-0343', 'Ghế', '142cb08f-7c31-21fa-8e90-67245e8b284e', '148ed882-32b8-218e-9c20-39c2f00615e8', '2021-05-11', 234444.0000, 1.0000, 2021, '(null)', '2023-07-12 09:37:55', '(null)', '2023-07-12 09:42:39', 0.3333, '2021-05-31', 3.0000, 78148.0000),
('9c326bb8-2dd9-49b1-b632-879c5ef0b329', 'AS-3166', 'Ghế', '142cb08f-7c31-21fa-8e90-67245e8b284e', '148ed882-32b8-218e-9c20-39c2f00615e8', '2021-05-11', 234444.0000, 1.0000, 2021, '(null)', '2023-07-12 09:45:48', '(null)', '2023-07-12 09:45:48', 0.3333, '2021-05-31', 3.0000, 78148.0000),
('9cfe166d-116f-49da-8cec-8e4dd8d25c1d', 'AS-4335', 'xe máy ', '142cb08f-7c31-21fa-8e90-67245e8b284e', '15cb3909-1246-2add-33de-23e177779933', '2021-05-11', 40000000.0000, 1.0000, 2021, '(null)', '2023-07-12 09:45:31', '(null)', '2023-07-12 09:45:31', 0.3333, '2021-05-31', 3.0000, 13333333.0000),
('9d28b64a-66a6-477c-9bcf-e8a13fbfa934', 'AS-3644', 'Ôtô', '142cb08f-7c31-21fa-8e90-67245e8b284e', '26de5798-48e1-14d3-9f0b-87ae14180c37', '2021-05-11', 333444433.0000, 1.0000, 2021, '(null)', '2023-07-12 09:38:24', '(null)', '2023-07-12 09:42:29', 0.0007, '2021-05-31', 15.0000, 233411.0000),
('a1482d32-a073-4c65-bf83-0faa40b9efdd', 'AS-0503', 'Ghế', '142cb08f-7c31-21fa-8e90-67245e8b284e', '148ed882-32b8-218e-9c20-39c2f00615e8', '2021-05-11', 234444.0000, 1.0000, 2021, '(null)', '2023-07-12 09:45:48', '(null)', '2023-07-12 09:45:48', 0.3333, '2021-05-31', 3.0000, 78148.0000),
('a518518a-78c9-449d-bf73-e0fd2fbcf144', 'AS-4452', 'Ôtô', '142cb08f-7c31-21fa-8e90-67245e8b284e', '26de5798-48e1-14d3-9f0b-87ae14180c37', '2021-05-11', 34444.0000, 1.0000, 2021, '(null)', '2023-07-12 09:44:34', '(null)', '2023-07-12 09:44:34', 0.0007, '2021-05-31', 15.0000, 23.0000),
('a684431f-15c8-4097-923c-89fb0ec8e856', 'AS-0706', 'xe máy ', '142cb08f-7c31-21fa-8e90-67245e8b284e', '15cb3909-1246-2add-33de-23e177779933', '2021-05-11', 40000000.0000, 1.0000, 2021, '(null)', '2023-07-12 09:45:31', '(null)', '2023-07-12 09:45:31', 0.3333, '2021-05-31', 3.0000, 13333333.0000),
('a9a01f41-5e86-467d-a2c7-959d4a7c5fd9', 'AS-1354', 'Ôtô', '142cb08f-7c31-21fa-8e90-67245e8b284e', '26de5798-48e1-14d3-9f0b-87ae14180c37', '2021-05-11', 34444.0000, 1.0000, 2021, '(null)', '2023-07-12 09:43:09', '(null)', '2023-07-12 09:43:09', 0.0007, '2021-05-31', 15.0000, 23.0000),
('aa1ce761-2bd5-40fa-ab6f-2755364539c6', 'AS-4100', 'Ôtô', '142cb08f-7c31-21fa-8e90-67245e8b284e', '26de5798-48e1-14d3-9f0b-87ae14180c37', '2021-05-11', 223444422.0000, 1.0000, 2021, '(null)', '2023-07-12 09:36:37', '(null)', '2023-07-12 09:42:58', 0.0007, '2021-05-31', 15.0000, 156411.0000),
('ae49a95b-9c6b-43cd-a97a-fc4a25437635', 'AS-1350', 'xe máy ', '142cb08f-7c31-21fa-8e90-67245e8b284e', '15cb3909-1246-2add-33de-23e177779933', '2021-05-11', 40000000.0000, 1.0000, 2021, '(null)', '2023-07-12 09:36:26', '(null)', '2023-07-12 09:45:25', 0.3333, '2021-05-31', 3.0000, 13333333.0000),
('ae5bef66-7cb1-45db-99e0-f76ae8e3ff16', 'AS-2366', 'xe máy ', '142cb08f-7c31-21fa-8e90-67245e8b284e', '15cb3909-1246-2add-33de-23e177779933', '2021-05-11', 40000000.0000, 1.0000, 2021, '(null)', '2023-07-12 09:45:34', '(null)', '2023-07-12 09:45:34', 0.3333, '2021-05-31', 3.0000, 13333333.0000),
('b186f510-ac1d-460d-b7a6-afa96ff0f500', 'AS-4140', 'xe máy ', '142cb08f-7c31-21fa-8e90-67245e8b284e', '15cb3909-1246-2add-33de-23e177779933', '2021-05-11', 40000000.0000, 1.0000, 2021, '(null)', '2023-07-12 09:45:31', '(null)', '2023-07-12 09:45:31', 0.3333, '2021-05-31', 3.0000, 13333333.0000),
('b491923e-4311-4e7e-8efa-ddf5cd796ad6', 'AS-3504', 'Ôtô', '142cb08f-7c31-21fa-8e90-67245e8b284e', '26de5798-48e1-14d3-9f0b-87ae14180c37', '2021-05-11', 333444433.0000, 1.0000, 2021, '(null)', '2023-07-12 09:38:24', '(null)', '2023-07-12 09:42:29', 0.0007, '2021-05-31', 15.0000, 233411.0000),
('b57f6c9f-4e08-4a2e-95ad-d36240de7f9e', 'AS-2418', 'xe máy ', '142cb08f-7c31-21fa-8e90-67245e8b284e', '15cb3909-1246-2add-33de-23e177779933', '2021-05-11', 40000000.0000, 1.0000, 2021, '(null)', '2023-07-12 09:45:34', '(null)', '2023-07-12 09:45:34', 0.3333, '2021-05-31', 3.0000, 13333333.0000),
('b6b1e5d2-bc14-424d-86c7-3098e958d462', 'AS-4514', 'Ôtô', '142cb08f-7c31-21fa-8e90-67245e8b284e', '26de5798-48e1-14d3-9f0b-87ae14180c37', '2021-05-11', 223444422.0000, 1.0000, 2021, '(null)', '2023-07-12 09:45:46', '(null)', '2023-07-12 09:45:46', 0.0007, '2021-05-31', 15.0000, 156411.0000),
('bae32ef3-1efa-41ae-a0cb-c5c639918912', 'AS-2458', 'xe máy ', '142cb08f-7c31-21fa-8e90-67245e8b284e', '15cb3909-1246-2add-33de-23e177779933', '2021-05-11', 40000000.0000, 1.0000, 2021, '(null)', '2023-07-12 09:45:34', '(null)', '2023-07-12 09:45:34', 0.3333, '2021-05-31', 3.0000, 13333333.0000),
('bb607fcc-569b-481f-ba1a-067e3c135af8', 'AS-0102', 'Ôtô', '142cb08f-7c31-21fa-8e90-67245e8b284e', '26de5798-48e1-14d3-9f0b-87ae14180c37', '2021-05-11', 34444.0000, 1.0000, 2021, '(null)', '2023-07-12 09:43:09', '(null)', '2023-07-12 09:43:09', 0.0007, '2021-05-31', 15.0000, 23.0000),
('bd3d308a-fa91-4dc8-a567-fa4d4c86d2b3', 'AS-3040', 'Ôtô', '142cb08f-7c31-21fa-8e90-67245e8b284e', '26de5798-48e1-14d3-9f0b-87ae14180c37', '2021-05-11', 34444.0000, 1.0000, 2021, '(null)', '2023-07-12 09:43:09', '(null)', '2023-07-12 09:43:09', 0.0007, '2021-05-31', 15.0000, 23.0000),
('bfa9e1fe-04b6-434f-8b53-b49ba1fd56f6', 'AS-0103', 'Ghế', '142cb08f-7c31-21fa-8e90-67245e8b284e', '148ed882-32b8-218e-9c20-39c2f00615e8', '2021-05-11', 234444.0000, 1.0000, 2021, '(null)', '2023-07-12 09:45:48', '(null)', '2023-07-12 09:45:48', 0.3333, '2021-05-31', 3.0000, 78148.0000),
('c6ab0822-7ad5-4a58-b132-7bd7d2ee22bc', 'AS-1650', 'xe máy ', '142cb08f-7c31-21fa-8e90-67245e8b284e', '15cb3909-1246-2add-33de-23e177779933', '2021-05-11', 40000000.0000, 1.0000, 2021, '(null)', '2023-07-12 09:45:34', '(null)', '2023-07-12 09:45:34', 0.3333, '2021-05-31', 3.0000, 13333333.0000),
('cb36bbeb-4e1b-4771-9e20-1d14fab97895', 'AS-2502', 'Ôtô', '142cb08f-7c31-21fa-8e90-67245e8b284e', '26de5798-48e1-14d3-9f0b-87ae14180c37', '2021-05-11', 223444422.0000, 1.0000, 2021, '(null)', '2023-07-12 09:45:44', '(null)', '2023-07-12 09:45:44', 0.0007, '2021-05-31', 15.0000, 156411.0000),
('cb41be2a-a1b3-45b4-a4a4-dbabc60417f6', 'AS-3033', 'xe máy ', '142cb08f-7c31-21fa-8e90-67245e8b284e', '15cb3909-1246-2add-33de-23e177779933', '2021-05-11', 40000000.0000, 1.0000, 2021, '(null)', '2023-07-12 09:45:42', '(null)', '2023-07-12 09:45:42', 0.3333, '2021-05-31', 3.0000, 13333333.0000),
('d607e2f1-864d-4838-80ad-3e3036f20baa', 'AS-5140', 'Ôtô', '142cb08f-7c31-21fa-8e90-67245e8b284e', '26de5798-48e1-14d3-9f0b-87ae14180c37', '2021-05-11', 223444422.0000, 1.0000, 2021, '(null)', '2023-07-12 09:45:46', '(null)', '2023-07-12 09:45:46', 0.0007, '2021-05-31', 15.0000, 156411.0000),
('d88d946f-a546-4361-bd07-acb4948f1d3a', 'AS-0531', 'xe máy ', '142cb08f-7c31-21fa-8e90-67245e8b284e', '15cb3909-1246-2add-33de-23e177779933', '2021-05-11', 40000000.0000, 1.0000, 2021, '(null)', '2023-07-12 09:36:26', '(null)', '2023-07-12 09:45:25', 0.3333, '2021-05-31', 3.0000, 13333333.0000),
('d93f46d4-2158-4b7b-b608-dbbea465592f', 'AS-1500', 'Ôtô', '142cb08f-7c31-21fa-8e90-67245e8b284e', '26de5798-48e1-14d3-9f0b-87ae14180c37', '2021-05-11', 34444.0000, 1.0000, 2021, '(null)', '2023-07-12 09:45:50', '(null)', '2023-07-12 09:45:50', 0.0007, '2021-05-31', 15.0000, 23.0000),
('dacb3f20-d7a8-468a-a676-1c2bac863c9b', 'AS-0525', 'Ghế', '142cb08f-7c31-21fa-8e90-67245e8b284e', '148ed882-32b8-218e-9c20-39c2f00615e8', '2021-05-11', 234444.0000, 1.0000, 2021, '(null)', '2023-07-12 09:37:55', '(null)', '2023-07-12 09:42:39', 0.3333, '2021-05-31', 3.0000, 78148.0000),
('db3871c1-95a2-42ee-8b6b-f0a434143c4d', 'AS-4214', 'Ôtô', '142cb08f-7c31-21fa-8e90-67245e8b284e', '26de5798-48e1-14d3-9f0b-87ae14180c37', '2021-05-11', 223444422.0000, 1.0000, 2021, '(null)', '2023-07-12 09:45:46', '(null)', '2023-07-12 09:45:46', 0.0007, '2021-05-31', 15.0000, 156411.0000),
('dd781dd9-7935-4f9d-8603-b1d242744c9e', 'AS-3004', 'Ôtô', '142cb08f-7c31-21fa-8e90-67245e8b284e', '26de5798-48e1-14d3-9f0b-87ae14180c37', '2021-05-11', 34444.0000, 1.0000, 2021, '(null)', '2023-07-12 09:44:34', '(null)', '2023-07-12 09:44:34', 0.0007, '2021-05-31', 15.0000, 23.0000),
('defc6ded-80ff-4d36-9cfd-2690f1e4a582', 'AS-4110', 'Ôtô', '142cb08f-7c31-21fa-8e90-67245e8b284e', '26de5798-48e1-14d3-9f0b-87ae14180c37', '2021-05-11', 34444.0000, 1.0000, 2021, '(null)', '2023-07-12 09:43:09', '(null)', '2023-07-12 09:43:09', 0.0007, '2021-05-31', 15.0000, 23.0000),
('e211e3df-c1b7-4148-8626-b58f2018f9ff', 'AS-0374', 'Ôtô', '142cb08f-7c31-21fa-8e90-67245e8b284e', '26de5798-48e1-14d3-9f0b-87ae14180c37', '2021-05-11', 223444422.0000, 1.0000, 2021, '(null)', '2023-07-12 09:45:44', '(null)', '2023-07-12 09:45:44', 0.0007, '2021-05-31', 15.0000, 156411.0000),
('e3e7db81-e8db-42af-adca-c082ba642a35', 'AS-5134', 'xe máy ', '142cb08f-7c31-21fa-8e90-67245e8b284e', '15cb3909-1246-2add-33de-23e177779933', '2021-05-11', 40000000.0000, 1.0000, 2021, '(null)', '2023-07-12 09:45:42', '(null)', '2023-07-12 09:45:42', 0.3333, '2021-05-31', 3.0000, 13333333.0000),
('e41ba521-bbff-4649-9070-44e3af3af158', 'AS-0533', 'xe máy ', '142cb08f-7c31-21fa-8e90-67245e8b284e', '15cb3909-1246-2add-33de-23e177779933', '2021-05-11', 40000000.0000, 1.0000, 2021, '(null)', '2023-07-12 09:45:38', '(null)', '2023-07-12 09:45:38', 0.3333, '2021-05-31', 3.0000, 13333333.0000),
('e431f850-6aa6-4af4-bf16-263901b51c87', 'AS-2343', 'Ôtô', '142cb08f-7c31-21fa-8e90-67245e8b284e', '26de5798-48e1-14d3-9f0b-87ae14180c37', '2021-05-11', 34444.0000, 1.0000, 2021, '(null)', '2023-07-12 09:44:34', '(null)', '2023-07-12 09:44:34', 0.0007, '2021-05-31', 15.0000, 23.0000),
('e523b276-ff20-4d5f-b082-38de9a17d48c', 'AS-0344', 'xe máy ', '142cb08f-7c31-21fa-8e90-67245e8b284e', '15cb3909-1246-2add-33de-23e177779933', '2021-05-11', 40000000.0000, 1.0000, 2021, '(null)', '2023-07-12 09:45:34', '(null)', '2023-07-12 09:45:34', 0.3333, '2021-05-31', 3.0000, 13333333.0000),
('e5372b29-c65a-4a82-932a-e178a780636a', 'AS-0343', 'xe máy ', '142cb08f-7c31-21fa-8e90-67245e8b284e', '15cb3909-1246-2add-33de-23e177779933', '2021-05-11', 40000000.0000, 1.0000, 2021, '(null)', '2023-07-12 09:45:38', '(null)', '2023-07-12 09:45:38', 0.3333, '2021-05-31', 3.0000, 13333333.0000),
('ebf6be33-9cd9-407d-a8a0-588da6525df9', 'AS-4566', 'Ôtô', '142cb08f-7c31-21fa-8e90-67245e8b284e', '26de5798-48e1-14d3-9f0b-87ae14180c37', '2021-05-11', 34444.0000, 1.0000, 2021, '(null)', '2023-07-12 09:45:50', '(null)', '2023-07-12 09:45:50', 0.0007, '2021-05-31', 15.0000, 23.0000),
('eec56afe-4e69-46d3-8d91-0874b59b58b4', 'AS-1711', 'Ôtô', '142cb08f-7c31-21fa-8e90-67245e8b284e', '26de5798-48e1-14d3-9f0b-87ae14180c37', '2021-05-11', 333444433.0000, 1.0000, 2021, '(null)', '2023-07-12 09:38:24', '(null)', '2023-07-12 09:42:29', 0.0007, '2021-05-31', 15.0000, 233411.0000),
('eece090f-7952-48a8-8e43-9471532e2b0d', 'AS-5002', 'Ôtô', '142cb08f-7c31-21fa-8e90-67245e8b284e', '26de5798-48e1-14d3-9f0b-87ae14180c37', '2021-05-11', 333444433.0000, 1.0000, 2021, '(null)', '2023-07-12 09:38:24', '(null)', '2023-07-12 09:42:29', 0.0007, '2021-05-31', 15.0000, 233411.0000),
('eeedb268-8d46-4a41-87cc-40c6060d028a', 'AS-3244', 'Ghế', '142cb08f-7c31-21fa-8e90-67245e8b284e', '148ed882-32b8-218e-9c20-39c2f00615e8', '2021-05-11', 234444.0000, 1.0000, 2021, '(null)', '2023-07-12 09:45:48', '(null)', '2023-07-12 09:45:48', 0.3333, '2021-05-31', 3.0000, 78148.0000),
('eef2cfdc-5524-4d78-9819-988f2925e2d7', 'AS-0322', 'xe máy ', '142cb08f-7c31-21fa-8e90-67245e8b284e', '15cb3909-1246-2add-33de-23e177779933', '2021-05-11', 40000000.0000, 1.0000, 2021, '(null)', '2023-07-12 09:45:31', '(null)', '2023-07-12 09:45:31', 0.3333, '2021-05-31', 3.0000, 13333333.0000),
('f1f7341a-3e4c-4f29-a5a7-a390ecc4b761', 'AS-4350', 'Ghế', '142cb08f-7c31-21fa-8e90-67245e8b284e', '148ed882-32b8-218e-9c20-39c2f00615e8', '2021-05-11', 234444.0000, 1.0000, 2021, '(null)', '2023-07-12 09:37:55', '(null)', '2023-07-12 09:42:39', 0.3333, '2021-05-31', 3.0000, 78148.0000),
('f48877f2-dbce-4a83-bc1b-0c7c4957fd5a', 'AS-4422', 'Ôtô', '142cb08f-7c31-21fa-8e90-67245e8b284e', '26de5798-48e1-14d3-9f0b-87ae14180c37', '2021-05-11', 34444.0000, 1.0000, 2021, '(null)', '2023-07-12 09:44:34', '(null)', '2023-07-12 09:44:34', 0.0007, '2021-05-31', 15.0000, 23.0000),
('f62bb6e3-bf97-495b-b197-9dd910b2e1e1', 'AS-1342', 'xe máy ', '142cb08f-7c31-21fa-8e90-67245e8b284e', '15cb3909-1246-2add-33de-23e177779933', '2021-05-11', 40000000.0000, 1.0000, 2021, '(null)', '2023-07-12 09:45:34', '(null)', '2023-07-12 09:45:34', 0.3333, '2021-05-31', 3.0000, 13333333.0000),
('f9e57f90-edf8-4f7f-93ae-67a49ebf7df6', 'AS-4741', 'xe máy ', '142cb08f-7c31-21fa-8e90-67245e8b284e', '15cb3909-1246-2add-33de-23e177779933', '2021-05-11', 40000000.0000, 1.0000, 2021, '(null)', '2023-07-12 09:45:34', '(null)', '2023-07-12 09:45:34', 0.3333, '2021-05-31', 3.0000, 13333333.0000),
('fa9c23fa-f410-40d2-b034-6575c6635abd', 'AS-2320', 'xe máy ', '142cb08f-7c31-21fa-8e90-67245e8b284e', '15cb3909-1246-2add-33de-23e177779933', '2021-05-11', 40000000.0000, 1.0000, 2021, '(null)', '2023-07-12 09:45:31', '(null)', '2023-07-12 09:45:31', 0.3333, '2021-05-31', 3.0000, 13333333.0000),
('fc3fa3a9-3694-4574-9ae5-e09ee77f557f', 'AS-0031', 'Ôtô', '142cb08f-7c31-21fa-8e90-67245e8b284e', '26de5798-48e1-14d3-9f0b-87ae14180c37', '2021-05-11', 34444.0000, 1.0000, 2021, '(null)', '2023-07-12 09:45:50', '(null)', '2023-07-12 09:45:50', 0.0007, '2021-05-31', 15.0000, 23.0000),
('fcc98fbc-9c3a-456f-a90c-84671cf6c08b', 'AS-0165', 'Ôtô', '142cb08f-7c31-21fa-8e90-67245e8b284e', '26de5798-48e1-14d3-9f0b-87ae14180c37', '2021-05-11', 223444422.0000, 1.0000, 2021, '(null)', '2023-07-12 09:45:44', '(null)', '2023-07-12 09:45:44', 0.0007, '2021-05-31', 15.0000, 156411.0000),
('fd0d3a61-fac6-408d-b73f-72048d3c38b8', 'AS-0142', 'Ghế', '142cb08f-7c31-21fa-8e90-67245e8b284e', '148ed882-32b8-218e-9c20-39c2f00615e8', '2021-05-11', 234444.0000, 1.0000, 2021, '(null)', '2023-07-12 09:37:55', '(null)', '2023-07-12 09:42:39', 0.3333, '2021-05-31', 3.0000, 78148.0000);

-- 
-- Dumping data for table transfer_asset
--
INSERT INTO transfer_asset VALUES
('29a8794e-83ad-4111-8c28-ed913150d9b1', 'CT000002', '2023-09-12 08:27:19', '2023-09-12 08:27:19', 134444.0000, NULL, NULL, NULL, NULL, NULL),
('486fb142-d8da-4c9a-af63-c594c7761d71', 'Test', '2023-09-12 09:57:32', '2023-09-12 09:57:32', 820467721.0000, NULL, '2023-09-12 16:58:50', NULL, '2023-09-12 23:12:22', NULL),
('59a05235-d62c-48d8-9597-5617f734ed72', 'CT0000033', '2023-09-30 11:27:00', '2023-09-12 08:27:26', 134444.0000, '1', NULL, NULL, NULL, NULL),
('db8d519f-b156-4b03-b286-5012a17df8a3', 'CT0000034', '2023-09-12 21:04:48', '2023-09-12 21:04:48', 100000.0000, '', NULL, NULL, NULL, NULL),
('e36da241-b2a7-4c90-b98c-a5f3b1e32796', 'CT000001', '2023-12-15 21:56:00', '2023-09-12 21:56:50', 134444.0000, NULL, '2023-09-12 21:57:30', NULL, '2023-09-12 23:21:36', NULL);

-- 
-- Dumping data for table transfer_asset_detail
--
INSERT INTO transfer_asset_detail VALUES
('090428ef-a3d4-496f-8f37-8c0b8ee93ad6', '11f7089b-33e6-371a-f817-7000f455f3d5', 'cbac0124-6be4-4eea-8958-e62a78145416', 'd607e2f1-864d-4838-80ad-3e3036f20baa', '', '486fb142-d8da-4c9a-af63-c594c7761d71', '2023-09-12 16:58:50', NULL, NULL, NULL, 'Trung tâm GDTX', 'Phòng Công nghệ thông tin', 223444422.0000),
('0d3e1077-6c94-46a8-9939-430a6c21805b', '142cb08f-7c31-21fa-8e90-67245e8b284e', 'cbac0124-6be4-4eea-8958-e62a78145416', '8e1eab5b-02fc-4452-afbf-5ac4f0ba613b', '', '486fb142-d8da-4c9a-af63-c594c7761d71', '2023-09-12 16:58:50', NULL, NULL, NULL, 'Phòng Hội trường lớn', 'Phòng Công nghệ thông tin', 223444422.0000),
('13b46903-2a41-4946-8fa7-6939d60991be', '11452b0c-768e-5ff7-0d63-eeb1d8ed8cef', '284ccb05-337b-7e6f-9090-67245e8b283e', '6fb4ce55-1766-49d1-8494-a916833291cc', '', '29a8794e-83ad-4111-8c28-ed913150d9b1', NULL, NULL, NULL, NULL, 'Phòng Đào Tạo', 'Phòng Thủ quỹ', 100000.0000),
('220a8be8-6482-4b1c-8f0f-ea8bd42f6c76', '284ccb05-337b-7e6f-9090-67245e8b283e', 'cbac0124-6be4-4eea-8958-e62a78145416', '6fb4ce55-1766-49d1-8494-a916833291cc', '', '486fb142-d8da-4c9a-af63-c594c7761d71', '2023-09-12 16:58:50', NULL, NULL, NULL, 'Phòng Thủ quỹ', 'Phòng Công nghệ thông tin', 100000.0000),
('2f53dd2a-61a3-4c42-8cc5-2b8e709fc7ec', '4d7b21db-2e02-12b7-a9db-e5d54223c257', 'cbac0124-6be4-4eea-8958-e62a78145416', '937cd3a3-af71-4ce9-ba4d-81bd166cf6d3', '', '486fb142-d8da-4c9a-af63-c594c7761d71', '2023-09-12 16:58:50', NULL, NULL, NULL, 'Phòng Thư viện', 'Phòng Công nghệ thông tin', 333444433.0000),
('482507f6-9b41-45f4-a299-cff73a6b55b6', '142cb08f-7c31-21fa-8e90-67245e8b284e', '4d7b21db-2e02-12b7-a9db-e5d54223c257', 'e3e7db81-e8db-42af-adca-c082ba642a35', '', '59a05235-d62c-48d8-9597-5617f734ed72', '2023-09-12 16:25:35', NULL, NULL, NULL, 'Phòng Hội trường lớn', 'Phòng Thư viện', 40000000.0000),
('48be7a72-c3ba-46de-b90a-1e5345d30685', '142cb08f-7c31-21fa-8e90-67245e8b284e', '11f7089b-33e6-371a-f817-7000f455f3d5', 'd607e2f1-864d-4838-80ad-3e3036f20baa', '', '59a05235-d62c-48d8-9597-5617f734ed72', '2023-09-12 16:25:35', NULL, NULL, NULL, 'Phòng Hội trường lớn', 'Trung tâm GDTX', 223444422.0000),
('48f38c0f-f8ac-4c58-aef0-647ec1e81af5', '142cb08f-7c31-21fa-8e90-67245e8b284e', '4d7b21db-2e02-12b7-a9db-e5d54223c257', '937cd3a3-af71-4ce9-ba4d-81bd166cf6d3', '', '59a05235-d62c-48d8-9597-5617f734ed72', '2023-09-12 16:25:35', NULL, NULL, NULL, 'Phòng Hội trường lớn', 'Phòng Thư viện', 333444433.0000),
('4ea0ccf1-9ad9-45a9-938f-6472959bc2dc', '4d7b21db-2e02-12b7-a9db-e5d54223c257', 'cbac0124-6be4-4eea-8958-e62a78145416', 'e3e7db81-e8db-42af-adca-c082ba642a35', '', '486fb142-d8da-4c9a-af63-c594c7761d71', '2023-09-12 16:58:50', NULL, NULL, NULL, 'Phòng Thư viện', 'Phòng Công nghệ thông tin', 40000000.0000),
('583a9d95-2005-41d9-a79c-af14e1b8dccb', '284ccb05-337b-7e6f-9090-67245e8b283e', '1ded3dd7-32db-5bc9-9190-67245e8b283e', '7a9acc0d-521f-4190-bc66-719910a17f8e', '', '59a05235-d62c-48d8-9597-5617f734ed72', NULL, NULL, NULL, NULL, 'Phòng Thủ quỹ', 'Phòng Vi tính1', 34444.0000),
('785915d3-7c23-4e23-a2e5-ae53c99685fb', '142cb08f-7c31-21fa-8e90-67245e8b284e', '284ccb05-337b-7e6f-9090-67245e8b283e', '7a9acc0d-521f-4190-bc66-719910a17f8e', '', '29a8794e-83ad-4111-8c28-ed913150d9b1', NULL, NULL, NULL, NULL, 'Phòng Hội trường lớn', 'Phòng Thủ quỹ', 34444.0000),
('9526c028-c900-4983-91b2-cf56746a295f', '2bbbd485-6df2-536a-7e32-6a1673ffca7c', '284ccb05-337b-7e6f-9090-67245e8b283e', '6fb4ce55-1766-49d1-8494-a916833291cc', '', 'e36da241-b2a7-4c90-b98c-a5f3b1e32796', '2023-09-12 21:57:30', NULL, NULL, NULL, 'Phòng Hành chính-Lái xe', 'Phòng Thủ quỹ', 100000.0000),
('9b5b0007-08e6-456c-913c-7be569333ade', 'cbac0124-6be4-4eea-8958-e62a78145416', '2bbbd485-6df2-536a-7e32-6a1673ffca7c', '6fb4ce55-1766-49d1-8494-a916833291cc', '', 'db8d519f-b156-4b03-b286-5012a17df8a3', '2023-09-12 21:04:59', NULL, NULL, NULL, 'Phòng Công nghệ thông tin', 'Phòng Hành chính-Lái xe', 100000.0000),
('a5dccf1b-4f23-412d-8a9d-2fba02269157', 'cbac0124-6be4-4eea-8958-e62a78145416', '142cb08f-7c31-21fa-8e90-67245e8b284e', '7a9acc0d-521f-4190-bc66-719910a17f8e', '', 'e36da241-b2a7-4c90-b98c-a5f3b1e32796', '2023-09-12 21:57:30', NULL, '2023-09-12 23:18:52', NULL, 'Phòng Công nghệ thông tin', 'Phòng Hội trường lớn', 34444.0000),
('f0ca7117-0ccb-4cbc-87da-b9f4b7a7ea00', '1ded3dd7-32db-5bc9-9190-67245e8b283e', 'cbac0124-6be4-4eea-8958-e62a78145416', '7a9acc0d-521f-4190-bc66-719910a17f8e', '', '486fb142-d8da-4c9a-af63-c594c7761d71', '2023-09-12 16:58:50', NULL, NULL, NULL, 'Phòng Vi tính1', 'Phòng Công nghệ thông tin', 34444.0000);

-- 
-- Dumping data for table receiver
--
INSERT INTO receiver VALUES
('35e68e47-869f-489d-a477-e5cf9bdd21d7', 'Tuấn Bùi', 'PB A', 'Nhân viên', 1, '29a8794e-83ad-4111-8c28-ed913150d9b1', '2023-09-12 16:26:34', NULL, NULL, NULL),
('37f3512d-c07f-4f9c-9bd2-28c51db1b2ae', 'Test2', '2', '2', 2, 'e36da241-b2a7-4c90-b98c-a5f3b1e32796', '2023-09-12 23:21:17', NULL, NULL, NULL),
('92a5b16f-1014-4354-bf07-5cf39d849aca', '2', '2', '2', 2, '59a05235-d62c-48d8-9597-5617f734ed72', '2023-09-12 20:46:25', NULL, NULL, NULL),
('a3797039-fefb-4fdb-a1b4-46cb4ca740a6', '1', '1', '1', 1, '59a05235-d62c-48d8-9597-5617f734ed72', NULL, NULL, NULL, NULL),
('d84808b0-96ee-460b-a9d6-13d0a4db5216', 'Test3', '3', '3', 3, 'e36da241-b2a7-4c90-b98c-a5f3b1e32796', '2023-09-12 23:21:17', NULL, NULL, NULL),
('df8525e6-3ff9-4faa-91ed-46af948013f7', 'Test', '1', 'Test', 1, 'e36da241-b2a7-4c90-b98c-a5f3b1e32796', '2023-09-12 23:21:17', NULL, '2023-09-12 23:21:36', NULL);

-- 
-- Restore previous SQL mode
-- 
/*!40101 SET SQL_MODE=@OLD_SQL_MODE */;

-- 
-- Enable foreign keys
-- 
/*!40014 SET FOREIGN_KEY_CHECKS = @OLD_FOREIGN_KEY_CHECKS */;